;username;text;date
0;rioalexsandro;rioalexsandroSelama sepekan terakhir kasus kematian harian di Indonesia terus meningkat,Bahkan se Asia Indonesia peringkat ke 2 setelah India#covid19 #covidindonesia #pandemic #coronaindonesia2w;2021-06-26T00:20:04.000Z
1;urbanasiacom;#URinfo - Indonesia mendapat bantuan berupa 200 ventilator, 256 tabung oksigen kosong ukuran 40 liter dari Singapura untuk mempercepat penanggulangan COVID-19.Alat tersebut dibawa menggunakan dua pesawat Singapore Air Force C130 telah tiba di Bandara Halim Perdana Kusuma, Jakarta pada hari Jumat kemarin.--Temukan berita lainnya di â â €â Twitter @urbanasiacomâ â €â TikTok @urbanasiacomYouTube urbanasiacomâ â €â Facebook Urbanasiacomâ â €â www.urbanasia.comâ â €---â #urbanasia #urbanasiamedia #urbanasiajkt #takutkudet#covidindonesia #bantuan #alatkesehatan #oksigen #tabungoksigen #singapore #singapur1d;2021-07-10T07:41:57.000Z
2;semenit_tilawah;Judul Lagunya Mawthini ( Tanah Airku )Ø§Ù„Ø¥Ù…Ø§Ù… Ø§Ù„Ø¹Ø§Ø¯Ù„ Ù‚ÙˆØ§Ù… ÙƒÙ„ Ù…Ø§Ø¦Ù„ ÙˆØµÙ„Ø§Ø­ ÙƒÙ„ ÙØ§Ø³Ø¯ ÙˆÙ‚ØµØ¯ ÙƒÙ„ Ø¬Ø§Ø¦Ø± ÙˆÙ†ØµØ±Ø© ÙƒÙ„ Ù…Ø¸Ù„ÙˆÙ…Seorang pemimpin yg adil adalah penguasa yg mampu menegakkan setiap perkara yg bengkok, memperbaiki setiap perkara yg rusak, mencegah setiap kezhaliman, dan menolong siapapun yg dizhalimi.Melarang Aktivitas Tanpa Memberikan Solusi Hidup adalah ketimpangan. Menghindari kerumunan dengan kerumunan yang lebih besar. Kasihan aparatur negara di benturkan dengan rakyat kecil ğŸ¥²Pak, kita sama-sama capek ğŸ¥²Menurut kalian gimana?Share#covid19 #corona #palestine #palestina #palestineğŸ‡µğŸ‡¸ #savepalestine #palestinaindonesia #storytime #sejarah #indonesiaku #jakartaselatan #bandunghits_ #muslimmovementindonesia #israelkoyak#coronaviruspandemic#covid_19#pray #qunutnazilah #savetheplanet #protokolkesehatan #indonesiabertauhid #covidindonesia #vaksin12h;2021-07-10T23:22:24.000Z
3;dr.zaidulakbar.resep;Corona makin menggila.. Semoga ini bermanfaat yahSejumlah cara lain untuk mengaktifkan sistem imun tubuh. Salah satunya menjaga pola makan dengan gizi seimbang.Selain itu, minum air putih sedikitnya 6 gelas/hari, olahraga setidaknya 3 kali dalam seminggu minimal 30 menit, dan menjaga kebersihan tubuh secara keseluruhan dengan mandi setiap hari.Tidak kalah penting, mencuci tangan dengan sabun atau handsanitizer setiap kali akan makan atau minum dan keluar dari kamar mandi, serta istirahat atau tidur yang cukup 6-8 jam/hari.Bagikan tips ini ke keluarga/teman/kerabat kalian.dapatkanMadu Murni dan Rempah Herbaldi @kampusmadu#jsrsehat #imuntubuh #covid #coronavirus #covidindonesia #immunitysistem #jagaimunitas #imunitastubuh #kampusmadu #jsrherbal #resepherbal #herbalcovid #obatcovid #infokesehatan #informasiupdate #updateinfo #infolengkapjsr #zaidulakbar #jsrresep #resepjsr #covidjsr #jintenhitam #ladahitamorganik #maduasli #manfaatmadu #manfatjinten #produkAllah1w;2021-07-03T21:32:34.000Z
4;officialsholawat_;"IG: @fuadbakh21 #fuadbeyDrone by @alivikryRIAU24.COM - Pembatasan itu biasanya disebut dengan 5M yakni memakai masker, mencuci tangan pakai sabun dan air mengalir, menjaga jarak, menjauhi kerumunan, dan membatasi mobilitasi dan interaksi.Permintaan ini disampaikannya dalam sebuah wawancara di TV One, Selasa, 6 Juli 2021.""Masyarakat membatasi kegiatan yang biasa disebut dengan 5M,"" pintanya.Anies beranggapan, tujuan semua ini agar pandemi Covid-19 di Jakarta segera berakhir.Cara ini disebutnya dengan upaya penambalan. Dia menganalogikan ledakan Covid-19 ibaran rumah yang tengah mengalami kebocoran.""Seperti atap rumah yang bocor, kami (pemerintah) siapkan ember yang menampung bocorannya. Tapi tidak bisa terus menerus kalau atapnya tidak di tambal,"" ujarnya.""Cara menambalnya itu pemerintahnya melakukan tresing untuk menemukan kasus sehingga mereka (masyarakat) di isolasi lalu dirawat. Dari sisi masyarakat membatasi kegiatan yang biasa disebut dengan 5M. Jadi dua-duanya terjalin. Ini cara menambal,"" ujarnya.Permintaan ini lantaran kondisi rumah sakit di DKI Jakarta penuh sesak oleh pasien Covid-19.""Jadi ini adalah sebelumnya, luar IGD (pasien membludak). Saya ingin mengatakan pada semua kami menyaksikan dari dekat. Ini bukan film, ini kenyataan,"" ujarnya.""Dan tenaga medis disana bekerja pontang panting untuk menyelamatkan. Kalau kita tidak sama-sama bekerja, tidak akan bisa ini selesai,"" ujarnya.#ppkm #ppkmdarurat #ppkmjawabali #coronavirus #corona #coronaindonesia #covidindonesia #covid_19 #covid19 #aniesbaswedan #jokowi #kemenkes #satgas21h";2021-07-10T14:52:01.000Z
5;dr.zaidulakbar.resep;Tidak henti-hentinya post mengenai immune booster.Karena memiliki sistem imun yang kuat adalah hal yang sangat penting, sekaligus kunci dalam melawan virus corona. Untuk itu, kamu perlu menaruh perhatian lebih pada upaya peningkatan sistem imun, agar terhindar dari COVID-19 dan penyakit berbahaya lainnya.IMMUNE BOOSTERBahan :- 300 ml air matang- 2 buah ibu jari jahe, kupas dan geprek- 1 ibu jari kunyit, kupas dan geprek- 1 Batang kayu manis atau 1 sdt kayu manis bubuk- 2 buah jeruk sunkist ( bisa diganti jeruk manis atau perasan lemon secukupnya)- 1 sdt maca (maca : gingseng asal Peru)- Raw honey ( madu murni) secukupnyaMasukkan jahe, kunyit, kayu manis, ke dalam panci, masak dengan 300ml air hingga panas ( tidak sampai mendidih) , angkat, kemudian saring, tunggu hingga hangat.Tambahkan jeruk sunkist, maca, dan raw honey, aduk rata siap disajikan.Dapatkan bahan Herbal dan Raw Honey di@kampusmadu@kampusmadu@kampusmaduManfaat :Melawan flu, demam, gangguan paru-paru, menghangatkan tubuh, meningkatkan sistem kekebalan tubuh, pengobatan kanker, tumor, gangguan kelenjar, masalah kewanitaan hingga sexual drink for male.Source resep buan_buana#jsr #jsrimun #jsrflu #jsrdemam #jsrtumor #jsr#zaidulakbar #jsrzaidulakbar #tehrempah #tehrimpang #zaidulakbarfanbase #imunjsr #immunitysistem #imunbooster #imuntubuh #jsrimun #resepboosteeimun #bonusbanyakjsr #bacaansehat #informasikesehatan #infowanita #informasiupdate #updatekesehatan #updateinfo #virus #coronavirus #covidindonesia #letsfightcoronavirus #zaidulakbarjsr #jsrimun3d;2021-07-08T02:39:21.000Z
6;dokterikadevi;Serba-serbi tentang Covid - 19 yang dirangkum dari akun @ningzsppd ...#covid#covid_19#coviÌ‡d19#covidindonesia#dokterika#dokterikadevi#dokterpenyakitdalam4w;2021-06-08T04:25:20.000Z
7;dr.muslimkasim;ğŸ””Pasien covid19 dengan nafas mulai terasa berat/sesak sementara stok oksigen habis danRS masih penuh dimana2 belum bisa melayani??âš ï¸Untuk smentara bisa kita selamatkan dulu dengan mengerjakan posisi tengkurap (proning) untuk membantu kebutuhan oksigen tubuhnya sambil menunggu bisa tertangani di RS.PleaseğŸ“ŒSave dan Share postingan ini buat sedulur yg lain yağŸ™ğŸ¼âœ‰Smoga Allah menyelamatkan kita semua dari kondisi darurat covid19 iniAamiinğŸ¤²ğŸ½YRA______ ____ ___ __ __ _ _ _ _Untuk update tema2 kesehatan (terutama info pandemi + kesehatan THT -KL), bisa langsung pantau akun IG ini :@dr.muslimkasim@dr.muslimkasim#proning #proningposition #fightcovid19 #tengkurap #indonesialawancorona#pandemicovid19 #indonesialawancovid19 #obatcovid19 #infocovid19 #protokolkesehatan #viruscoronadiindonesia #wabahcorona #updatecovid19 #infocorona #pandemi #prokes #isolasimandiri #updateinfo #prokesuntukkitasemua #sarandokter #globalpandemic #covid19indonesia #stopcovid19 #covidindonesia #beritacorona #pakaimaskermu #edukasiinstagram #obatcorona #coronaindonesia1w;2021-07-03T01:18:18.000Z
8;dagelanmusik;gak kerasa ya udah setahun, ada nemuin hoby/kebiasaan baru gak ?..follow @dagelanmusik jika kamu ingin lihat konten musik tiap saat ğŸ˜Š... ğŸ¥ : Youtube/Metro All Star. ğŸ™ : @jasonsambouw @fanimaulana @nikenriwu @margarethajo. ğŸµ : @gac_music - Berlari Tanpa Kaki.. sc : #pandemi #covid_19 #covid19 #corona #coronaindonesia #covidindonesia #covid19indonesia #indonesianidol #coronavirusmemesğŸ˜‚ğŸ˜‚ğŸ˜‚ #indonesianidolspecialseason #gac #berlaritanpakaki...#dagelan#dagelantv#dagelanmusik#dagelanvideo#dagelanregion18w;2021-03-02T12:20:10.000Z
9;millenflorist;stay safe ya semua...--------@millenflorist melayani pemesanan karangan bunga papan dan berbagai macam rangkaian bunga yaa...--------Kita punya FREE ONGKIR lho untuk beberapa daerah di Indonesia--------âœ…Siap melayani pesanan pada hari Hâœ…melayani pengiriman seluruh indonesia--------For Order & Info :ğŸ“©WhatsApp : 082225324151ğŸ“Call : 085777027456www.millenflorist.net / www.millenflorist.com--------#covid_19 #vaksin #covid #covidindonesia #covidindonesia #quotestentangbunga #quotesaboutlife #quotesdaily #qotd #qotdindonesia #quotesbungalavender #quotesbungamatahari #quotesbungamawar #quotesflower #bunga #mawar #quotesttgbunga #rangkaianbunga #bungastanding #bungameja #bungapapan4m;2021-07-11T12:00:59.000Z
10;memes_46464;.#repost #covid_19 #covid #viraltiktok #covidindonesia #covid19indonesia #bestmemes #dankmemes #memesdialy #memegod #spicymemes #dailymeme #cringe #receh #garing #memesindonesia #lelucon #ngakak #lucu #viralindonesia #kocak #dagelanindonesia #TikTok #BikinRame13m;2021-07-11T11:52:23.000Z
11;tanamtumbuh.media;INFO TABUNG OKSIGEN!Dari twitter kang Soleh. Tujuan kita sama kok. Mau pandemi ini cepet kelar dan bisa hidup normal lagi. Jadi, ayo saling bantu kasih informasi buat yang lagi butuhin.Tulis dikolom komentar atau DM ke kami untuk informasi seputar jasa ambulance yang kalian punya, stay safe and stay at homeğŸ˜Šâœ¨--#TanamtumbuhMedia18m;2021-07-11T11:46:34.000Z
12;shazabyadelina;Lets pray for Jakartaâ€¦pray for ğŸ‡®ğŸ‡© IndonesiağŸ¤²#covid_19#hopeforbetterdays#jakarta#covidindonesia21m;2021-07-11T11:44:11.000Z
13;imperomedika;Halo Sahabat Medika!Dilansir dari WHO, varian Covid-19 terbaru â€œDeltaâ€ adalah varian yang sejauh ini paling berbahaya karena memiliki tingkat penularan 2x lebih cepat dibanding varian-varian sebelumnya.Gejala yang ditimbulkan pun rumornya berbeda dari varian-varian sebelumnya.Seperti apa gejala yang ditimbulkan oleh varian Delta? Simak terus postingan di atas!Jangan lupa follow dan aktifkan notifikasi akun Impero Medika untuk mendapatkan informasi seputar alat kesehatan dan berita kesehatan lainnya.#ImperoMedika#HealthyLife#HappyLife#staysafe#stayhealthy#healthylifestyle#doctor#medical#hospital#beritacovid#covidnews#covidindonesia#covid19indonesia#coivd_19#lawancovid19#covid19#covid19news#infocovid#infocorona#updatecovid19#updatecovid#infocovid19#updatecorona#updatecoronaindonesia#beritacovid19#variandelta32m;2021-07-11T11:33:03.000Z
14;ngalam.ofc;Hallo sobat ngalam tau ga kalo saat ini Indonesia menepati urutan ke-9 sebagai negara berpolusi di dunia pada tahun 2020 , menurut sumber data iqair.comMenurut mimin si ini perlu di perhatikan lagi dengan serius oleh bapak/ibu pemerintah yang bertanggung jawab.Karna jika di biarkan begitu saja entah berapa tahun lagi akan menjadi sangat buruk..Support kami terus agar banyak informasi yang akan kami berikanFollow :@ngalam.ofc#ngalam #pemerintah #pemersatubangsa #pemerintahindonesia #yukjagalam #raffiahmad #nagitaslavina #greenpeace #vickyprasetyo #kalinaoktarani #lucintaluna #naturephotography #naturelovers #NatureLover #natureza #Naturegram #natureporn #natureaddict #naturephoto #natureshots #naturelove #jerixsid #habibriziq #covidindonesia #ppkm #lingkunganhidup #lingkungansehat #ambulanceindonesia #iduladha42m;2021-07-11T11:23:08.000Z
15;perbankansyariah.id;"â£""Dengan nama Allah yang bila disebut, segala sesuatu di bumi dan langit tidak akan berbahaya, Dia-lah Yang Maha Mendengar lagi Maha Mengetahui"".â €â €Sobat banksyar, yuk kita sama-sama panjatkan doa khususnya untuk Indonesia yang sedang terdampak virus covid-19 ini, semoga kita selalu diberikan kesehatan dan dilindungi oleh Allah SWT, Aamiin...â €â €#doa #hadist #alquran #dzikirpagipetang #dzikirpetang #covidindonesia45m";2021-07-11T11:20:21.000Z
16;hahaberkalikali;Jawabannya asik.â–â–â–â–â–â–â–â–â–â–â–[Jangan lupa]ğŸ‘¤.Followâ™¥ï¸.Likeâ†ª .ShareğŸ’¬.commentâ–â–â–â–â–â–â–â–â–â–â–â–Hastag:#indovidgram #dagelantivi #guyonan #ingakakjamannowm #kpopers #kpop #anakjamannow #ivgstory #dagelan #music #guyonankekinian #ngakakid #ngakakkocakvideo #saturdaynight #tiktok #indolawak #bahagiangakak #diaryojol #dramaojol #lucujadijadian #drakor #makeup #vivicu #ngakakngelawak #jokowi #indonesia #covidindonesia #ppkmdarurat #petugas #tugasnegara56m;2021-07-11T11:09:12.000Z
17;hahaberkalikali;Mulai nih dia ada pasangannya.@boojangsecond@joeyudhayzxâ–â–â–â–â–â–â–â–â–â–â–[Jangan lupa]ğŸ‘¤.Followâ™¥ï¸.Likeâ†ª .ShareğŸ’¬.commentâ–â–â–â–â–â–â–â–â–â–â–â–Hastag:#indovidgram #dagelantivi #guyonan #ingakakjamannowm #kpopers #kpop #anakjamannow #ivgstory #dagelan #music #guyonankekinian #ngakakid #ngakakkocakvideo #saturdaynight #tiktok #indolawak #bahagiangakak #diaryojol #dramaojol #lucujadijadian #drakor #makeup #vivicu #ngakakngelawak #jokowi #indonesia #covidindonesia #ppkmdarurat #petugas #tugasnegara58m;2021-07-11T11:07:26.000Z
18;hahaberkalikali;Baru nih metode nya hahahha.â–â–â–â–â–â–â–â–â–â–â–[Jangan lupa]ğŸ‘¤.Followâ™¥ï¸.Likeâ†ª .ShareğŸ’¬.commentâ–â–â–â–â–â–â–â–â–â–â–â–Hastag:#indovidgram #dagelantivi #guyonan #ingakakjamannowm #kpopers #kpop #anakjamannow #ivgstory #dagelan #music #guyonankekinian #ngakakid #ngakakkocakvideo #saturdaynight #tiktok #indolawak #bahagiangakak #diaryojol #dramaojol #lucujadijadian #drakor #makeup #vivicu #ngakakngelawak #jokowi #indonesia #covidindonesia #ppkmdarurat #petugas #tugasnegara59m;2021-07-11T11:05:54.000Z
19;aswin_ws;ğ•€ ğ•¤ğ•¥ğ•’ğ•ª ğ•’ğ•¥ ğ•¨ğ• ğ•£ğ•œ ğ•—ğ• ğ•£ ğ•ªğ• ğ•¦. ğ•ğ• ğ•¦ ğ•¤ğ•¥ğ•’ğ•ª ğ•’ğ•¥ ğ•™ğ• ğ•ğ•– ğ•—ğ• ğ•£ ğ•¦ğ•¤ ğ•’ğ•ğ•. â„™ğ•ğ•–ğ•’ğ•¤ğ•–!#istayatworkforyouyoustayathomeforus #covid_19 #covidindonesia #covid19indonesia #hospital #rumahsakit #rspondokindah #perawat #nurse #nursing #pandemic #nurses #nursesofinstagram #nursesrock #stayathome #workingtogether #prokes #prokesuntukkitasemua #6m #salingjaga #pedulilindungi #indonesia1h;2021-07-11T11:04:20.000Z
20;wheynak;Hotman Paris Approved ğŸ’¯â€¢#nutrisisehat #cegahcovid19 #covidindonesia #coronaindonesia #coronaindonesiaclub #hotmanparis #hotmanparisofficial #hotmanparishutapea1h;2021-07-11T10:52:45.000Z
21;jabarsehat.id;Jangan panik! Ini ada tips untuk memulihkan penciuman!Semoga Bermanfaat âœ¨#salamsehatAyo Kita Bersama-sama Lawan COVID-19!#jabarsehat#informasicovid#covid_19#lawancovid19#viruscorona#covidindonesia#infokesehatan#pakaimasker#kesehatan#motivasi#infojawabarat#hentikanpenyebaran#likeforlikes1h;2021-07-11T10:51:57.000Z
22;momovele.id;Badan Pemerika Keuangan (BPK) mencatat total anggaran penanganan Covid-19 mencapai Rp 1.035,2 triliun. Auditor Utama Keuangan Negara III BPK Bambang Pamungkas mengatakan, anggaran penanganan Covid-19 itu berasal dari anggaran pendapatan dan belanja negara (APBN) sebesar Rp 937,42 triliun.â€œKemudian dari anggaran pendapatan dan belanja daerah (APBD) sebesar  Rp 86,36 triliun dan dari sektor moneter sebesar Rp 6,50 triliun,â€ katanya dalam konferensi pers via daring, Selasa (29/12).Selain itu, anggaran tersebut juga berasal dari badan usaha milik negara (BUMN) dengan total anggaran sebesar Rp 4,02 triliun. Adapun dari badan usaha milik daerah (BUMD) sekitar Rp 320 miliar dan berasal dari dana hibah dan masyarakat sebesar Rp 625 miliar.@momovele.id#momovele #anggaran #covid19indonesia #covidindonesia #covid_19 #covid19news #ppkm #ppkmdarurat #ppkmjawabali #ppkmdaruratjawabali1h;2021-07-11T10:48:03.000Z
23;jabarsehat.id;Provinsi DKI Jakarta mencatat rekor baru angka kesembuhan COVID-19 pada minggu (11/7/2021).sumber: @okezonecom#salamsehatAyo Kita Bersama-sama Lawan COVID-19!#jabarsehat#informasicovid#covid_19#lawancovid19#viruscorona#covidindonesia#infokesehatan#pakaimasker#kesehatan#motivasi#infojawabarat#hentikanpenyebaran#likeforlikes1h;2021-07-11T10:47:39.000Z
24;wanmichaell;Sebuah pesan singkat dari olahraga......#covid_19 #covid #staystrong #pandemic #covidindonesia #covidindo1h;2021-07-11T10:44:20.000Z
25;falsstationciledug;Terimakasih sudah mempercayakan kami dalam mengisi waktu luang anda ğŸ˜ŠğŸ”± Mengapa harus di FALS STATION?ã€°ï¸ã€°ï¸ã€°ï¸ã€°ï¸ã€°ï¸ã€°ï¸ã€°ï¸ã€°ï¸ã€°ï¸ã€°ï¸ã€°ï¸ã€°ï¸ã€°ï¸ã€°ï¸ã€°ï¸ã€°ï¸ã€°ï¸âœ” Kami sudah 9 tahun berdiri sejak 2012âœ” Memiliki banyak cabangâœ” Memiliki tenaga profesionalâœ” Pelayanan ramah, flexible dan tidak ribetâœ” Tersedia dalam jumlah banyakâœ” Game terupdateâœ” Stick original mesin (bukan ori pabrik)ğŸ”± Bagaimana cara sewa di FALS STATION?ã€°ï¸ã€°ï¸ã€°ï¸ã€°ï¸ã€°ï¸ã€°ï¸ã€°ï¸ã€°ï¸ã€°ï¸ã€°ï¸ã€°ï¸ã€°ï¸ã€°ï¸ã€°ï¸ã€°ï¸ã€°ï¸ã€°ï¸ğŸ”¶ï¸ Hubungi admin kami atau datang ke rentalğŸ”¶ï¸ Siapkan 2 Buah E-KTPğŸ”¶ï¸ Penyewa bersedia difotoğŸ”± FALS STATION starterpack :ã€°ï¸ã€°ï¸ã€°ï¸ã€°ï¸ã€°ï¸ã€°ï¸ã€°ï¸ã€°ï¸ã€°ï¸ã€°ï¸ã€°ï¸ã€°ï¸ã€°ï¸ã€°ï¸ã€°ï¸ã€°ï¸ã€°ï¸âœ´ 1 Unit PSâœ´ 3 Buah stickâœ´ 2 Kabel HDMIâœ´ 2 Kabel chargerâœ´ 1 Kabel power#sewaps3ciledug #sewaplaystation3 #sewaps4 #sewapsharian #falsstationciledug #falsstation #mainps #lebaran #lebaran2021 #dilarangmudik #3periode #100t #vaksÃ¬nasicovid19 #vaksin #korona #covidindonesia #kabarciledug #infolaranganciledug #ceger #bintaro #blokwareng #ciledughits #banjir #jakartabanjir #tangerangkota #vaksÃ¬ncovid19 #vaksinasi #bemui #koronaindonesia1h;2021-07-11T10:28:32.000Z
26;falsstationciledug;Terimakasih sudah mempercayakan kami dalam mengisi waktu luang anda ğŸ˜ŠğŸ”± Mengapa harus di FALS STATION?ã€°ï¸ã€°ï¸ã€°ï¸ã€°ï¸ã€°ï¸ã€°ï¸ã€°ï¸ã€°ï¸ã€°ï¸ã€°ï¸ã€°ï¸ã€°ï¸ã€°ï¸ã€°ï¸ã€°ï¸ã€°ï¸ã€°ï¸âœ” Kami sudah 9 tahun berdiri sejak 2012âœ” Memiliki banyak cabangâœ” Memiliki tenaga profesionalâœ” Pelayanan ramah, flexible dan tidak ribetâœ” Tersedia dalam jumlah banyakâœ” Game terupdateâœ” Stick original mesin (bukan ori pabrik)ğŸ”± Bagaimana cara sewa di FALS STATION?ã€°ï¸ã€°ï¸ã€°ï¸ã€°ï¸ã€°ï¸ã€°ï¸ã€°ï¸ã€°ï¸ã€°ï¸ã€°ï¸ã€°ï¸ã€°ï¸ã€°ï¸ã€°ï¸ã€°ï¸ã€°ï¸ã€°ï¸ğŸ”¶ï¸ Hubungi admin kami atau datang ke rentalğŸ”¶ï¸ Siapkan 2 Buah E-KTPğŸ”¶ï¸ Penyewa bersedia difotoğŸ”± FALS STATION starterpack :ã€°ï¸ã€°ï¸ã€°ï¸ã€°ï¸ã€°ï¸ã€°ï¸ã€°ï¸ã€°ï¸ã€°ï¸ã€°ï¸ã€°ï¸ã€°ï¸ã€°ï¸ã€°ï¸ã€°ï¸ã€°ï¸ã€°ï¸âœ´ 1 Unit PSâœ´ 3 Buah stickâœ´ 2 Kabel HDMIâœ´ 2 Kabel chargerâœ´ 1 Kabel power#sewaps3ciledug #sewaplaystation3 #sewaps4 #sewapsharian #falsstationciledug #falsstation #mainps #lebaran #lebaran2021 #dilarangmudik #3periode #100t #vaksÃ¬nasicovid19 #vaksin #korona #covidindonesia #kabarciledug #infolaranganciledug #ceger #bintaro #blokwareng #ciledughits #banjir #jakartabanjir #tangerangkota #vaksÃ¬ncovid19 #vaksinasi #bemui #koronaindonesia1h;2021-07-11T10:27:55.000Z
27;zilingotradeid;Produk perlindungan kesehatan paling mantap dengan harga mulai 5 RIBUâ£Yuk perkuat protokol kesehatanmu dan lindungi diri setiap saat dengan stok beragam produk kesehatan mulai dari suplemen, vitamin, hingga disinfektan dan produk lainnya. â£â£Cek koleksinya sekarang dengan klik link di bio kami atau kunjungi zilingotrade.idâ£â£#ZilingoTrade #ZilingoTradeID #SemuaPastiBisaâ£#maskerkn95original #grosiran #grosironline #apdmedis #handsanitizergrosir #protokolkesehatan #covidindonesia #covid19 #bersamalawancovid19 #lawancovid19 #maskerkain #suplemenkesehatan1h;2021-07-11T10:09:16.000Z
28;blesstradingcommunity;Save ini sebagai reminder supaya kamu jangan cari kebahagian di tempat lain selain daripada TuhanğŸ¤— Tag temenmu juga supaya mereka tahu ğŸ˜‰ğŸ™ŒğŸ»ğŸ‘‰ Follow @blesstradingcommunity buat dapetin lebih banyak renungan seperti ini dan edukasi trading lainnya ğŸ˜ŠHappy Sunday, We are Blessed to be a Blessing âœ¨ğŸ™#BlessTradingCommunity #WeAreBlessedToBeABlessing #BTCSundayDevotional #RENUNGANKRISTEN #renunganharian #renunganhariankristen #renunganpagi #renunganrohanikristen #renunganAlkitab #saatteduh #kristenindonesia #alkitabberkata #ayatAlkitab #quoterohani #warungsatekamu #rohanikristen #lawancovid #curhatanhati #injili #covidindonesia #keselamatanku #tuhanyesusmemberkati #saatteduh #quoterohani #motivasihidupku #kristenprotestan2h;2021-07-11T09:54:27.000Z
29;wahyuningsih.srie;Reposted from @dr.muslimkasim Hati2 dengan info2 obat yg diperoleh dari whatsapp grup atau medsos lainnya..Terlalu bahaya risiko yg bisa didapatkan dengan membeli sendiri obat2an utk orang dengan covid19.Meski penelitian menunjukkan tidak ada manfaat utk mengobati corona tapi obat2an seperti Zinc, Levaquin, Azithromycin, Favipiravir, Oseltamivir, IVERMECTIN, Doxycycline, Multivitamin, Hydroxychloroquine, dll sangat marak belakangan ini digunakan masyarakat kita utk diminum buat orang2 yg terinfeksi covid19Padahal tindakan meminum obat sembarangan ini tanpa resep dokter, tanpa memperdulikan soal indikasi, dosis, efek samping, dll bisa berakibat fatal bagi tubuh.Tolong ingatkan soal bahaya ini pada anggota keluarga dan sahabat2 lainnya ya slur...Thanks bangetğŸ™ğŸ¼______ ____ ___ __ __ _ _ _ _Untuk update tema2 kesehatan (terutama info pandemi + kesehatan THT -KL), bisa langsung pantau akun IG ini :@dr.muslimkasim@dr.muslimkasim#obatcorona #obatcovid19#updatecovid19 #pandemicovid19#indonesialawancovid19 #protokol #isolasimandiri #infocovid19 #protokolkesehatan #obatcovid #viruscoronadiindonesia #wabahcorona #infocorona #sukseskanvaksinasi#indonesialawancorona #updateinfo #swabtest #sarandokter #swabantigen #stopcovid19 #covidindonesia #beritacorona #swabtest #edukasiinstagram #obatcovid19 #covid19indonesia2h;2021-07-11T09:51:22.000Z
30;cloverhoney.bysanti;Selamat pagiii ğŸ˜Ini loh HDI Originsâ„¢ Royale Jelly ğŸ¯âœ… Apa sih Royale Jelly itu ?âœ… Apa saja yang terkandung dalam Royale Jelly ?âœ… Apa saja manfaatnya ?âœ¨ Royale Jelly adalah hasil sekresi lebah pekerja, biasa juga disebut susu lebah, dan menjadi makanan untuk ratu lebah yang menghasilkan banyak telur lebah setiap harinya. Tidak heran kalau Royale Jelly ini dikaitkan dengan kesuburan dan banyak digunakan sebagai pilihan asupan promil karena manfaatnya.âœ¨ Royale Jelly mengandung protein, asam amino esensial, asam lemak esensial, dan vitamin B kompleks plus enzim dan mineral seperti kalsium, kalium, natrium, zinc, iron, cuprum dan mangan.âœ¨ Royale Jelly ini mampu meningkatkan kekebalan tubuh, meningkatkan kinerja otak, mengontrol kadar gula dan tekanan darah, menurunkan kadar kolesterol, serta kandungan asam lemaknya mampu mengurangi infeksi dan meningkatkan imun tubuh alami dari serangan bakteri dan virus.Royale Jelly ini juga memberikan prokolagen tipe 1 yang bisa mengirangi efek penuaan dini pada kulit karena radiasi UV.Gimana ?? Banyak banget kan keuntungan yang didapat bila konsumsi Royale Jelly ini ğŸ˜˜ğŸ˜˜ ..#hdipropoelix #hdibisniskesehatan#hdiroyallejelly#covidhdijambi#hdistore #hdiindonesia#memberhdi #membershiphdi #paketcovid #hdijakarta #hdijakartaselatan#vitamincovid#penyembuhancovid19#propoelixpromo #propoelixhdi #royaljellyhdi #royaljellyhdi #pollenergy #produkkesehatan #suplemenanak #suplemen #MIMS #promohdi #produkkesehatan #korona #corona #covid19 #zonamerah #covidindonesia #cloverhoneyjambi #madujambi #propelix#vitamincovid2h;2021-07-11T09:49:20.000Z
31;klinikdokterdewy;Guys kami sudah meminta izin untuk merepost postingan ini. Kami merasa ini adalah informasi penting yang kalian harus tahu.. disini, @doktermutan sudah merangkum langkah2 yang harus dilakukan bila kita terkena / terpapar covid19. Please baca and share karena ini bahasanya mudah banget dipahami.Keep calm and be positive guys!.Posted @withregram â€¢ @doktermutan Sebarkan kepada orang-orang yang lo hargai.. Please sebarin ya Fren...Mungkin ini bisa membantu mengurangi bingung lo, tetap tenang agar bisa tahu apa yang harus dilakukan setelah itu..#covidindonesia#covidjakarta#covid19#covid19indonesia#vaksinasicovid19#covidjateng#viruscorona#virus#viral#viralindonesia#coronavÃ­rus#covidjatim#kawalcovid19id#kawalcovid19#pamdemictalks#klinikdokterdewy2h;2021-07-11T09:47:16.000Z
32;dr.muslimkasim;Hati2 dengan info2 obat yg diperoleh dari whatsapp grup atau medsos lainnya..Terlalu bahaya risiko yg bisa didapatkan dengan membeli sendiri obat2an utk orang dengan covid19.Meski penelitian menunjukkan tidak ada manfaat utk mengobati corona tapi obat2an seperti Zinc, Levaquin, Azithromycin, Favipiravir, Oseltamivir, IVERMECTIN, Doxycycline, Multivitamin, Hydroxychloroquine, dll sangat marak belakangan ini digunakan masyarakat kita utk diminum buat orang2 yg terinfeksi covid19Padahal tindakan meminum obat sembarangan ini tanpa resep dokter, tanpa memperdulikan soal indikasi, dosis, efek samping, dll bisa berakibat fatal bagi tubuh.Tolong ingatkan soal bahaya ini pada anggota keluarga dan sahabat2 lainnya ya slur...Thanks bangetğŸ™ğŸ¼______ ____ ___ __ __ _ _ _ _Untuk update tema2 kesehatan (terutama info pandemi + kesehatan THT -KL), bisa langsung pantau akun IG ini :@dr.muslimkasim@dr.muslimkasim#obatcorona #obatcovid19#updatecovid19 #pandemicovid19#indonesialawancovid19 #protokol #isolasimandiri #infocovid19 #protokolkesehatan #obatcovid #viruscoronadiindonesia #wabahcorona #infocorona #sukseskanvaksinasi#indonesialawancorona #updateinfo #swabtest #sarandokter #swabantigen #stopcovid19 #covidindonesia #beritacorona #swabtest #edukasiinstagram #obatcovid19 #covid19indonesia2h;2021-07-11T09:45:51.000Z
33;narablog.data;Covid di Indonesia ğŸ˜£Â©ï¸CanvaDetik.com#covÄ±d #covidvacccine #usacovid19 #covidindonesia #vaccinationdoneâœ”ï¸ #vaksÃ¬ncovid19 #covidindonesia #kebijakan #ppkmdarurat #ppkmmikrodarurat2h;2021-07-11T09:38:23.000Z
34;pejuang_junior;TERWAKILKAN#indonesian #indonesiaku #indonesia #covidindonesia #pamit #hidupsulit #ppkmmikro #ppkmjawabali #ppkmdarurat #jakarta #jakartainfo2h;2021-07-11T09:27:38.000Z
35;pejuang_junior;TERWAKILKAN#ppkmmikro #ppkmjawabali #ppkmdarurat #ppkm #hijrah #covidindonesia #indonnesia #jakartainfo #jakarta #jakartapusat #juli #ahad2h;2021-07-11T09:24:20.000Z
36;andita.risman;"Reposted from @anandashram Lagu ini sering dinyanyikan oleh Para Penyintas Kanker dan Covid-19 untuk memberikan semangat juang dari dalam diri yang dapat memperkuat imunitas tubuh dan mental emosional.Anand Ashram mengadakan pelayanan kepada para penyintas Kanker dan Covid-19 setiap hari Sabtu melalui zoom memberikan latihan olah nafas dan meditasi.Subscribe Youtube Channel ""AnandAshramIndonesia"" & ""AnandKrishnaIndo"" untuk mendapatkan video-video yang mencerahkan.Info Pelayanan â˜ï¸ +62 816-1988-856...#lagu #musik #musiksehat #musikkesembuhan #sehat #kesembuhan #kanker #penyakit #penyakitkanker #pasienkanker #pasiencovid #covidindonesia #wismaalet #lagusehat #lagucinta #musikcinta #musikilahi #imunitas #sehatmental #kesehatanmental #bhaktisosial #seva #relawan#Pencerahan #Motivasi #Inspirasi #Kedamaian #PemberdayaanDiri #meditasi #meditasinse2h";2021-07-11T09:22:22.000Z
37;pauladewis;"Reposted from @anandashram Lagu ini sering dinyanyikan oleh Para Penyintas Kanker dan Covid-19 untuk memberikan semangat juang dari dalam diri yang dapat memperkuat imunitas tubuh dan mental emosional.Anand Ashram mengadakan pelayanan kepada para penyintas Kanker dan Covid-19 setiap hari Sabtu melalui zoom memberikan latihan olah nafas dan meditasi.Subscribe Youtube Channel ""AnandAshramIndonesia"" & ""AnandKrishnaIndo"" untuk mendapatkan video-video yang mencerahkan.Info Pelayanan â˜ï¸ +62 816-1988-856...#lagu #musik #musiksehat #musikkesembuhan #sehat #kesembuhan #kanker #penyakit #penyakitkanker #pasienkanker #pasiencovid #covidindonesia #wismaalet #lagusehat #lagucinta #musikcinta #musikilahi #imunitas #sehatmental #kesehatanmental #bhaktisosial #seva #relawan#Pencerahan #Motivasi #Inspirasi #Kedamaian #PemberdayaanDiri #meditasi #meditasinse2h";2021-07-11T09:16:00.000Z
38;ivanmuhh;Semangat!!ğŸ”¥ğŸ”¥#rekorsembuhcovid19 #covidindonesia #meroket #sembuh #instagram #ivanhavilahmuhammad2h;2021-07-11T09:10:56.000Z
39;abibangkit215;Alhamdulillah sekarang harus lebih banyak bersyukur Indonesia lagi berduka.Semoga Covid 19 cepat hilang di Indonesiaku.#covid_19 #covidindonesia #covid #covidcepatlahberlalu #semangatnakesindonesia #visualcreation #kinemastervideo #kinemasteredit #kinemasterid #kinemasterindonesia #visittapteng #pemulaberkarya #visualphoneidgramonidarus #visual #visualphoneidgram #visiteeditor #visualcreationid #garagarainstagram #editorcreativesociety #indotravelvidgram #creatividindo #sarangeditorid #indovideogram3h;2021-07-11T08:57:51.000Z
40;sholawatan_dakwah;"IG: @fuadbakh21 #fuadbeyDrone by @alivikryRIAU24.COM - Pembatasan itu biasanya disebut dengan 5M yakni memakai masker, mencuci tangan pakai sabun dan air mengalir, menjaga jarak, menjauhi kerumunan, dan membatasi mobilitasi dan interaksi.Permintaan ini disampaikannya dalam sebuah wawancara di TV One, Selasa, 6 Juli 2021.""Masyarakat membatasi kegiatan yang biasa disebut dengan 5M,"" pintanya.Anies beranggapan, tujuan semua ini agar pandemi Covid-19 di Jakarta segera berakhir.Cara ini disebutnya dengan upaya penambalan. Dia menganalogikan ledakan Covid-19 ibaran rumah yang tengah mengalami kebocoran.""Seperti atap rumah yang bocor, kami (pemerintah) siapkan ember yang menampung bocorannya. Tapi tidak bisa terus menerus kalau atapnya tidak di tambal,"" ujarnya.""Cara menambalnya itu pemerintahnya melakukan tresing untuk menemukan kasus sehingga mereka (masyarakat) di isolasi lalu dirawat. Dari sisi masyarakat membatasi kegiatan yang biasa disebut dengan 5M. Jadi dua-duanya terjalin. Ini cara menambal,"" ujarnya.Permintaan ini lantaran kondisi rumah sakit di DKI Jakarta penuh sesak oleh pasien Covid-19.""Jadi ini adalah sebelumnya, luar IGD (pasien membludak). Saya ingin mengatakan pada semua kami menyaksikan dari dekat. Ini bukan film, ini kenyataan,"" ujarnya.""Dan tenaga medis disana bekerja pontang panting untuk menyelamatkan. Kalau kita tidak sama-sama bekerja, tidak akan bisa ini selesai,"" ujarnya.#ppkm #ppkmdarurat #ppkmjawabali #coronavirus #corona #coronaindonesia #covidindonesia #covid_19 #covid19 #aniesbaswedan #jokowi #kemenkes #satgas3h";2021-07-11T08:52:36.000Z
41;beritainid;Pemerintah memperluas Pemberlakuan Pembatasan Kegiatan Masyarakat (PPKM) darurat di luar Pulau Jawa-Bali. Pemerintah mengatur ada 15 kabupaten/kota di luar Jawa dan Bali yang akan menjalankan PPKM darurat mulai Senin 12 Juli hingga 20 Juli 2021.Adapun 15 kabupaten/kota tersebut adalah Kota Tanjung Pinang, Kota Singkawang, Kota Padang Panjang, Kota Balikpapan, Kota Bandar Lampung, Kota Pontianak, Manokwari, Kota Sorong, Kota Batam, Kota Bontang, Kota Bukittinggi, Berau, Kota Padang, Kota Mataram, dan Kota Medan.Menteri Koordinator Bidang Perekonomian Airlangga Hartarto mengatakan kebijakan tersebut didasari atas perkembangan kasus Covid-19 masih menunjukkan eskalasi peningkatan bahkan di luar Jawa-Bali.Oleh karenanya, PPKM Darurat luar Jawa-Bali ini diharapkan menjadi cara pemerintah untuk mengambil langkah antisipatif agar jangan sampai terjadi kondisi yang semakin tidak kondusif.Kata Airlangga, sesuai dengan arahan Presiden RI Joko Widodo, PPKM Darurat diberlakukan di luar Jawa dan Bali dengan tetap menjaga kesehatan, ekonomi, dan sosial masyarakat.Pertama, pemerintah memperkuat 3T (Testing, Tracing, Treatment) bagi daerah PPKM Darurat 15 Kabupaten/Kota di luar Jawa dan Bali.Kedua,pemerintah segera memberikan bantuan beras sebanyak 10 kg untuk 10 juta Keluarga Penerima Manfaat (KPM), program Program Keluarga Harapan (PKH), dan 10 juta KPM Program BST dalam pelaksanaan PPKM Darurat.Ketiga, pemerintah juga akan memberikan Bantuan Produktif Usaha Mikro (BPUM) sebesar Rp 1,2 juta untuk 3 juta usaha mikro (Kementerian Koperasi dan UMKM) diprioritaskan untuk Kabupaten/Kota yang memberlakukan PPKM Darurat.Selain itu, Airlangga juga menekankan pemerintah akan segera melakukan program vaksinasi ke-3 (Booster) untuk tenaga kesehatan yang bekerja di garis terdepan dalam penanganan Covid-19.â€œProgram vaksinasi ke-3 (Booster) akan dilakukan mulai minggu depan untuk 1,47 juta tenaga kesehatan. Teknis pelaksanaannya akan diatur oleh Kementerian Kesehatan (Kemenkes),â€ kata Airlangga saat Konferensi Pers PPKM Darurat di Luar Jawa-Bali, Jumat (9/7).Kontan.co.id3h;2021-07-11T08:50:23.000Z
42;what.nana.makess;Welcoming the newest member of Whatnanamakes!ES KACANG ğŸ§Local dessert contains of Red bean (Kacang Merah), Mung bean (Kacang Hijau), Grassjelly (Cincau) and TapeServed with the special syrup and sprinkles to complete this refreshing dessert!Open PO for Saturday, 10 July 2021Eager to try? Place your order through DM or Whatsapp!*450ml per cup*minimum order of 2 cups*the shaved ice possibly melted along the way#eskacang #eskacangmerah #eskacangijo #eskacanghijau #dessert #desserttime #dessertjakarta #esjakarta #esserut #icekacang #grassjelly #redbean #mungbean #minumankekinian #minuman #minumansegar #dessertlover #cemilan #cemilanmurah #cemilankekinian #covid_19 #covid19indonesia #covidindonesia3h;2021-07-11T08:46:24.000Z
43;bagimuindonesiaku;.#pandemi #covidindonesia #prokes #prokesuntukkitasemua #stayathome #staysafeeveryone #stayhome #staysafe #stayhomestaysafe #stayhealthy #vaksin #vaksÃ¬ncovid193h;2021-07-11T08:38:38.000Z
44;pemudatabligh.id;Judul Lagunya Mawthini ( Tanah Airku )Ø§Ù„Ø¥Ù…Ø§Ù… Ø§Ù„Ø¹Ø§Ø¯Ù„ Ù‚ÙˆØ§Ù… ÙƒÙ„ Ù…Ø§Ø¦Ù„ ÙˆØµÙ„Ø§Ø­ ÙƒÙ„ ÙØ§Ø³Ø¯ ÙˆÙ‚ØµØ¯ ÙƒÙ„ Ø¬Ø§Ø¦Ø± ÙˆÙ†ØµØ±Ø© ÙƒÙ„ Ù…Ø¸Ù„ÙˆÙ…Seorang pemimpin yg adil adalah penguasa yg mampu menegakkan setiap perkara yg bengkok, memperbaiki setiap perkara yg rusak, mencegah setiap kezhaliman, dan menolong siapapun yg dizhalimi.Melarang Aktivitas Tanpa Memberikan Solusi Hidup adalah ketimpangan. Menghindari kerumunan dengan kerumunan yang lebih besar. Kasihan aparatur negara di benturkan dengan rakyat kecil ğŸ¥²Pak, kita sama-sama capek ğŸ¥²Menurut kalian gimana?Share__________@adityaabuarslanğŸ¥ @rana_films__________#covid19 #corona #palestine #palestina #palestineğŸ‡µğŸ‡¸ #savepalestine #palestinaindonesia #storytime #sejarah #indonesiaku #jakartaselatan #bandunghits_ #muslimmovementindonesia #israelkoyak#coronaviruspandemic#covid_19#pray #qunutnazilah #savetheplanet #protokolkesehatan #indonesiabertauhid #covidindonesia #vaksin3h;2021-07-11T08:12:34.000Z
45;beritainid;"Tim peneliti Fakultas Kesehatan Masyarakat (FKM) Universitas Indonesia menyebutkan 49,2 persen warga DKI Jakarta telah terpapar Corona. Gubernur DKI Jakarta Anies Baswedan berharap warganya memiliki kekebalan terhadap virus Corona.""Artinya separuh penduduk di Jakarta sudah memiliki eksposur dan mudah-mudahan kekebalan, di dalam urusan SARS CoV-2,"" ujar Anies seperti dilansir dari Antara, Sabtu (10/7/2021).Anies menyebut pihaknya terus menggenjot vaksinasi COVID-19. Ia menargetkan terbentuknya kekebalan kelompok terhadap COVID-19 di Ibu Kota.""Jadi ini kami PR (pekerjaan rumah) belum selesai, PR-nya masih panjang, harus dikerjakan serius,"" kata Anies.""Jadi keberhasilannya bukan berapa banyak vaksin tetap berapa banyak yang divaksin,"" ujar Anies.Hingga Sabtu (7/10), sudah ada 5,4 juta warga DKI Jakarta yang divaksin Corona. Saat ini, Pemprov DKI Jakarta menggenjot vaksinasi Corona bagi warga usia 12 keatas.Sementara itu, Epidemolog UI Pandu Riono, menyebutkan vaksinasi COVID-19 harus menjadi prioritas Pemprov DKI karena 50 persen warga Jakarta belum memiliki antibodi.Detik.com#beritaterkini #beritaharini #beritaaktual #berita #beritaviral #BeritaTerbaru #beritaindonesia #beritaharian #beritaupdate #beritabaru #info #infoharian #infohariini #infoindonesia #infoterkini #infoterupdate #beritaupdate #beritaindonesia #infoterbaru #infoviral #kabarterkini #kabarhariini #kabarindonesia #kabarterupdate #kabarviral #infoindonesia #indonesia #negaraindonesia #anies #gubernurDKIjakarta #covid19 #covidindonesia4h";2021-07-11T07:59:45.000Z
46;jokinglyseriously;Kapan ya pandemi ini berakhir. Kejadian video di Bulak Banteng kemarin malam 10 Juli 2021.BGM AOT hanya pemanis.SASAGEYO!!!#truefacts1010101 #covid_19 #covid #covidvacccine #covidindonesia #obatcovid #covidcure #corona #coronaindonesia #datacoronaindonesia #viruscorona #coronavirus #coronarecovery #covid19recovery #indonesiarecovery #sembuhcovid19 #coronadata #coviddata #covid19data #ppkmsurabaya #surabayarusuh #surabaya #aot #attackoftitan #obatcorona #truefacts #sasageyo #CaraUsirVirus4h;2021-07-11T07:58:00.000Z
47;djkeirrr;Bravo @kemenkes_ri !!Breakthroughnya https://farmaplus.kemkes.go.idLuar biasa dampaknya buat teman2 kita yang kesulitan untuk mencari ketersediaan obat yg dibutuhkan.Teman2 yang membutuhkan obat skrg bisa mencari melalui website tersebut ya.Yeayyy!!! Another Positive News for us...!!Buat kalian penimbun obat... DAGH JAMURRRR...!! ğŸ˜›ğŸ˜›ğŸ˜›Apa yang kalian timbun mungkin bisa dicemilin sambil nonton Drakor ya!!Siappin Tissue yang banyak ya...Aku tau kok sedihnya kaya apa...Pedih....Ah ya sudah lah...Dagh Jamurrrrr!!! ğŸ¤ªğŸ¤ªğŸ¤ª..Love is Love- Kei -#fightcovidwithlove #fightcovid19together #djkeirrr #kemenkesri #covidindonesia #obat #apotik #indonesia #indonesiabersatu #covidsurvivor #farmasiindonesia #farmaplus4h;2021-07-11T07:54:36.000Z
48;novita_darley;"""Slow Living in the City"" video is up. Hopefully it can calm your mind in this trying and troubled world we are living in right now ğŸ™ğŸ¼ Link in bio #covidindonesia@mr.soetanto @sikepik_ @kumoratih_healthyfoods @lindasoetanto @indirakusumawardhani4h";2021-07-11T07:38:38.000Z
49;berpenco;Perkantoran di Bali akan semakin diperketat selama PPKM Darurat dengan adanya surat edaran dari Gubernur Bali yang menyatakan sektor non esensial wajib melaksanakan Work from Home 100%.Peraturan ini mulai berlaku sejak hari Sabtu kemarin hingga hari Selasa, tanggal 20 Juli.#BerpenInfo #BerpenLawanCovid #beritaterkini #beritaterbaru #infobali #infodenpasar #covidindonesia4h;2021-07-11T07:38:20.000Z
50;ronalrizky46;Ø§Ù„Ø¥Ù…Ø§Ù… Ø§Ù„Ø¹Ø§Ø¯Ù„ Ù‚ÙˆØ§Ù… ÙƒÙ„ Ù…Ø§Ø¦Ù„ ÙˆØµÙ„Ø§Ø­ ÙƒÙ„ ÙØ§Ø³Ø¯ ÙˆÙ‚ØµØ¯ ÙƒÙ„ Ø¬Ø§Ø¦Ø± ÙˆÙ†ØµØ±Ø© ÙƒÙ„ Ù…Ø¸Ù„ÙˆÙ… Seorang pemimpin yg adil adalah penguasa yg mampu menegakkan setiap perkara yg bengkok, memperbaiki setiap perkara yg rusak, mencegah setiap kezhaliman, dan menolong siapapun yg dizhalimi. Melarang Aktivitas Tanpa Memberikan Solusi Hidup adalah ketimpangan. Menghindari kerumunan dengan kerumunan yang lebih besar. Kasihan aparatur negara di benturkan dengan rakyat kecil ğŸ¥² Pak, kita sama-sama capek ğŸ¥² Menurut kalian gimana? Share __________ @adityaabuarslan ğŸ¥ @rana_films __________ #covid19 #corona #palestine #palestina #palestineğŸ‡µğŸ‡¸ #savepalestine #palestinaindonesia #storytime #sejarah #indonesiaku #jakartaselatan #bandunghits_ #muslimmovementindonesia #israelkoyak #coronaviruspandemic #covid_19 #pray #qunutnazilah #savetheplanet #protokolkesehatan #indonesiabertauhid #covidindonesia #vaksin4h;2021-07-11T07:09:46.000Z
51;ustadabdulsomadlcma_;Judul Lagunya Mawthini ( Tanah Airku )Ø§Ù„Ø¥Ù…Ø§Ù… Ø§Ù„Ø¹Ø§Ø¯Ù„ Ù‚ÙˆØ§Ù… ÙƒÙ„ Ù…Ø§Ø¦Ù„ ÙˆØµÙ„Ø§Ø­ ÙƒÙ„ ÙØ§Ø³Ø¯ ÙˆÙ‚ØµØ¯ ÙƒÙ„ Ø¬Ø§Ø¦Ø± ÙˆÙ†ØµØ±Ø© ÙƒÙ„ Ù…Ø¸Ù„ÙˆÙ…Seorang pemimpin yg adil adalah penguasa yg mampu menegakkan setiap perkara yg bengkok, memperbaiki setiap perkara yg rusak, mencegah setiap kezhaliman, dan menolong siapapun yg dizhalimi.Melarang Aktivitas Tanpa Memberikan Solusi Hidup adalah ketimpangan. Menghindari kerumunan dengan kerumunan yang lebih besar. Kasihan aparatur negara di benturkan dengan rakyat kecil ğŸ¥²Pak, kita sama-sama capek ğŸ¥²Menurut kalian gimana?Share#covid19 #corona #palestine #palestina #palestineğŸ‡µğŸ‡¸ #savepalestine #palestinaindonesia #storytime #sejarah #indonesiaku #jakartaselatan #bandunghits_ #muslimmovementindonesia #israelkoyak#coronaviruspandemic#covid_19#pray #qunutnazilah #savetheplanet #protokolkesehatan #indonesiabertauhid #covidindonesia #vaksin5h;2021-07-11T06:50:32.000Z
52;ustadzadihidayat.kajian;Judul Lagunya Mawthini ( Tanah Airku )Ø§Ù„Ø¥Ù…Ø§Ù… Ø§Ù„Ø¹Ø§Ø¯Ù„ Ù‚ÙˆØ§Ù… ÙƒÙ„ Ù…Ø§Ø¦Ù„ ÙˆØµÙ„Ø§Ø­ ÙƒÙ„ ÙØ§Ø³Ø¯ ÙˆÙ‚ØµØ¯ ÙƒÙ„ Ø¬Ø§Ø¦Ø± ÙˆÙ†ØµØ±Ø© ÙƒÙ„ Ù…Ø¸Ù„ÙˆÙ…Seorang pemimpin yg adil adalah penguasa yg mampu menegakkan setiap perkara yg bengkok, memperbaiki setiap perkara yg rusak, mencegah setiap kezhaliman, dan menolong siapapun yg dizhalimi.Melarang Aktivitas Tanpa Memberikan Solusi Hidup adalah ketimpangan. Menghindari kerumunan dengan kerumunan yang lebih besar. Kasihan aparatur negara di benturkan dengan rakyat kecil ğŸ¥²Pak, kita sama-sama capek ğŸ¥²Menurut kalian gimana?Share#covid19 #corona #palestine #palestina #palestineğŸ‡µğŸ‡¸ #savepalestine #palestinaindonesia #storytime #sejarah #indonesiaku #jakartaselatan #bandunghits_ #muslimmovementindonesia #israelkoyak#coronaviruspandemic#covid_19#pray #qunutnazilah #savetheplanet #protokolkesehatan #indonesiabertauhid #covidindonesia #vaksin5h;2021-07-11T06:48:07.000Z
53;dimayanti19;Ayahh ibuu aku rinduuğŸ˜­ğŸ˜­ jangan sampai ada korban selanjutnya setelah orangtuakuğŸ˜­ğŸ˜­ğŸ˜­ğŸ˜­ğŸ˜­ğŸ˜­ğŸ˜­ğŸ˜­jaga kesehatannya smuğŸ˜­#covid_19 #covid19indonesia #covidindonesia#viralpost #coronaindonesia#tiktok #tiktokindonesia #tiktokviral5h;2021-07-11T06:46:17.000Z
54;ustadz.adihidayat_;Judul Lagunya Mawthini ( Tanah Airku )Ø§Ù„Ø¥Ù…Ø§Ù… Ø§Ù„Ø¹Ø§Ø¯Ù„ Ù‚ÙˆØ§Ù… ÙƒÙ„ Ù…Ø§Ø¦Ù„ ÙˆØµÙ„Ø§Ø­ ÙƒÙ„ ÙØ§Ø³Ø¯ ÙˆÙ‚ØµØ¯ ÙƒÙ„ Ø¬Ø§Ø¦Ø± ÙˆÙ†ØµØ±Ø© ÙƒÙ„ Ù…Ø¸Ù„ÙˆÙ…Seorang pemimpin yg adil adalah penguasa yg mampu menegakkan setiap perkara yg bengkok, memperbaiki setiap perkara yg rusak, mencegah setiap kezhaliman, dan menolong siapapun yg dizhalimi.Melarang Aktivitas Tanpa Memberikan Solusi Hidup adalah ketimpangan. Menghindari kerumunan dengan kerumunan yang lebih besar. Kasihan aparatur negara di benturkan dengan rakyat kecil ğŸ¥²Pak, kita sama-sama capek ğŸ¥²Menurut kalian gimana?Share#covid19 #corona #palestine #palestina #palestineğŸ‡µğŸ‡¸ #savepalestine #palestinaindonesia #storytime #sejarah #indonesiaku #jakartaselatan #bandunghits_ #muslimmovementindonesia #israelkoyak#coronaviruspandemic#covid_19#pray #qunutnazilah #savetheplanet #protokolkesehatan #indonesiabertauhid #covidindonesia #vaksin5h;2021-07-11T06:45:28.000Z
55;truefacts1010101;#truefacts1010101 #covid_19 #covid #covidvacccine #covidindonesia #obatcovid #covidcure #corona #coronaindonesia #datacoronaindonesia #viruscorona #coronavirus #coronarecovery #covid19recovery #indonesiarecovery #sembuhcovid19 #coronadata #coviddata #covid19data #covidgraph #covidgraphics #grafikcovid19 #grafikcorona #surabayaricuh #obatcorona #truefacts #surabayabulakbanteng #bulakbanteng #surabayacorona5h;2021-07-11T06:28:31.000Z
56;berdikari.1945;Alangkah lucunya negeri ini#covidindonesia #covid #covid19indonesia #covid_19 #pembodohanpublik5h;2021-07-11T06:25:20.000Z
57;doktermutan;Sebarkan kepada orang-orang yang lo hargai.. Please sebarin ya Fren...Mungkin ini bisa membantu mengurangi bingung lo, tetap tenang agar bisa tahu apa yang harus dilakukan setelah itu..#covidindonesia#covidjakarta#covid19#covid19indonesia#vaksinasicovid19#covidjateng#viruscorona#virus#viral#viralindonesia#coronavÃ­rus#covidjatim#kawalcovid19id#kawalcovid19#pamdemictalks5h;2021-07-11T06:11:06.000Z
58;millenflorist;Yuk sama sama kita jaga kesehatan masing masing supaya pandemi ini cepat berlalu--------@millenflorist melayani pemesanan karangan bunga papan dan berbagai macam rangkaian bunga yaa...--------Kita punya FREE ONGKIR lho untuk beberapa daerah di Indonesia--------âœ…Siap melayani pesanan pada hari Hâœ…melayani pengiriman seluruh indonesia--------For Order & Info :ğŸ“©WhatsApp : 082225324151ğŸ“Call : 085777027456www.millenflorist.net / www.millenflorist.com--------#covid_19 #vaksin #covid #covidindonesia #covidindonesia #quotestentangbunga #quotesaboutlife #quotesdaily #qotd #qotdindonesia #quotesbungalavender #quotesbungamatahari #quotesbungamawar #quotesflower #bunga #mawar #quotesttgbunga #rangkaianbunga #bungastanding #bungameja #bungapapan6h;2021-07-11T06:00:52.000Z
59;tctnovy;Happy Sunday, gaesâ€¦. ğŸ’.Semangat sehat ğŸŒ¸.#Repost @asephendradiana with @make_repostãƒ»ãƒ»ãƒ»Tata laksana pasien covid19 tergantung dengan gejala yang dirasakan.Simak info berikut sebagai panduan dan semoga kita selalu diberikan kesehatan dan keselamatan serta dijauhkan dari virus covid19...#instadaily #goodvibes #staysafe #stayhealthy #stayhome #salamsehat salam #indonesiabebasnyeri #salamindonesiabebasnyeri #kliniknyeridanrehabbandung #bandungpainrehabcenter #covid_19 #covidindonesia #bersamakitabisa #indonesia #prayforindonesia #indonesiajuara #fightcovid19together #isoman #prokes6h;2021-07-11T05:59:52.000Z
60;decreativespace;Bismillah..Sharing singkat aja, sebagai pengingat supaya bisa lebih banyak bersyukur atas apa yang Allah takdirkan untuk kita ğŸ¥º.Percayalah, dibalik segala kesulitan yang kita hadapi hari ini, ada banyaaaaaakkk sekali kebaikan yang Allah selipkan. Jangan pernah lupa bahwa Allah menyayangi kita â¤ï¸.Hal-hal yang aku tulis adalah sebagian dari yang aku rasakan selama menjalani isolasi mandiri di rumah. Kalau kamu, gimana? Apa hal-hal yang bisa kamu syukuri selama menjalani isolasi mandiri? Sharing yuk, biar kita bisa sama-sama saling mengingatkan untuk perbanyak rasa syukur kepada Allah ğŸ’.Tetap semangat yaa sahabat-sahabatku para pejuang Covid-19. Semoga lekas diberi kesembuhan oleh Allah Ta'ala. Semoga bumi kita lekas membaik. Aamiin..â–â–â–â–â–â–â–â–â–â–â–â–â–â–â–â–â–â–â–...#isolasimandiri #dirumahaja #isoman #covid_19 #covid #pejuangcovid19 #covidindonesia #staysafe #stayhome #bookillustrator #illustration #illustrator #draw #art #illustrationart #dailyart #dailyillustration #digitaldrawing #sketch #drawing #illustrationoftheday #sketching #weloveillustration #artoftheday #digitalpainting #digitalillustration #artist #digitalart #artwork #instaart9h;2021-07-11T02:17:41.000Z
61;youtuber.cupu;Ini dia kenapa Singapur anggap Covid sebagai flu biasa!!Sekalian video baru gw ini menjawab beberapa opini yg bilang, â€œtuhh Singapore aja ga percaya ada covid, cuma dianggep flu doank. Masa Indonesia percaya?â€Gw cuma mau bilang, itu salah dan makanya gw bikin video ini.Teaser nya di slide kedua, dan video nya baru aja gw up di YT, link in Bio..Jangan sampai informasi ini putus di kalian yaa, bantu sebarin kebanyak orang, biar hoax2 yg merugikan bisa ilang..Oh iya semua video ini di shot pake Mi 11 Ultra, cekidot!!...#covid_19 #covid #covidvacccine #covidindonesia #vaccinationdoneâœ”ï¸ #vaksin9h;2021-07-11T02:09:08.000Z
62;ngaosbuku;Kita tidak dapat menahan lajunya pandemi virus tanpa sekaligus menyerang pandemi kemiskinan.#panikbuying #covidindonesia___________Sila bisa dipesan lewat kamiPeriode 3-15 Juli 202110h;2021-07-11T02:04:35.000Z
63;ila_sagala;AwesomeReposted from @bedahvaskuler Thromboembolic eventCommon in Covid 19 diseasebBock blood flow to the affected organ or limb resulting in ischemia and tissue or limb damage#nyobainreels #reelinstagram #instareels #instagramer #instagramreel #vascularsurgeon #vascularsurgery #reelvideo #reel #covidindonesia #coviÌ‡d19 #thromboembolism #thrombectomy #instamoment #overthewirethrombectomy10h;2021-07-11T02:04:34.000Z
64;fcknnroyal;Cepat sembuh Indonesia_________________________Numpang tagâœ¨ğŸ“Œ@lv.youxme_ğŸ“Œ@xhrmoodyğŸ“Œ@tempat.penyejukğŸ“Œ@fcknngood_ğŸ“Œ@good.lo_okingâ€¢ğŸ“Œ@z.l.f_lyricsâ€¢ğŸ“Œ@moodlyricsboyğŸ“Œ@ezadhemesra_ğŸ“Œ@voifree_ğŸ“Œ@tmblr__skyâ€¢ğŸ“Œ@clouvsx._â€¢TAâ…ğŸ“Œ#vidiovildir #videolyrics #moodlyrics #lyricedit #lyricssong #lyricsstory #dfsmoody #xhrmoody #indonesia#fyp#moodlyrics #moodbooster #moodclassic_ #á´á´á´á´…Êá´›á´Ê™ÊŸÊ€#unstoppable #covidindonesia#covid19indonesia#updatecovid19#indonesialawancovid19#lawancovid_19#indonesiakuat#melawancorona#coronaindonesia#cegahcorona#lawancorona#bersatulawancovid19#jagakesehatan#lawancovid19#indonesiasehat#tetapsehat#jagajarak#indonesiakuat10h;2021-07-11T01:58:19.000Z
65;oby.project;Prei sek sementara lurr..Â·Â·Info mentahan cek @mentahan_bersamaÂ·ğŸ”°Support terus dengan cara followğŸ”°Jangan lupa tap 2x boskuğŸ”°Kawal terus sampai 1K followersÂ·Â·â—¾Hastag!!#admine_creator_story#indopostgram#kalemwae#katakatajomblo#guyonanjowo#katakatajawa#pathdaillyjowo#katajowo#captionjowo#timelinejowo#storyjowo#jowohits#storywakekinian#statuswhatsapp#literasijowo#storyjowoofficial#literasi30detik#jowobaperan#jowobijak#literasibosojowo#jowobaperan#jowoliterasi#jowoberkarya#jathilhits#jowokalem#idaman#ppkm#ppkmdarurat#covid_19#covidindonesia10h;2021-07-11T01:47:37.000Z
66;naufan.id;bahwa hidup di dunia ini hanya sementara. Kematian bukanlah akhir segalanya. Bahkan, kematian adalah awal hidup abadi yang sebenarnya, di negeri akhirat. Surga atau neraka, itulah tempat tinggal terakhir bagi setiap manusia.Tingkah laku di dunia harus kita pertanggung-jawabkan, ketika telah tiba masa hisab. Perbuatan baik, perbuatan buruk, semuanya.Dalam Islam, keyakinan terhadap hari akhir merupakan salah satu rukun iman. Berbekal iman tersebut, seorang muslim dituntut untuk berpacu agar memanfaatkan hidup â€“ yang cuma sekali ini â€“ sebaik-baiknya.Hidup di dunia ini ibarat masa menanam, dan hidup di akhirat adalah masa menuai. Kalau tidak maksimal menanam kebaikan, bagaimana mungkin bisa menuai kebahagiaan?Ø£ÙÙÙØ­ÙØ³ÙØ¨Ù’ØªÙÙ…Ù’ Ø£ÙÙ†ÙÙ‘Ù…ÙØ§ Ø®ÙÙ„ÙÙ‚Ù’Ù†ÙØ§ÙƒÙÙ…Ù’ Ø¹ÙØ¨ÙØ«Ø§Ù‹ ÙˆÙØ£ÙÙ†ÙÙ‘ÙƒÙÙ…Ù’ Ø¥ÙÙ„ÙÙŠÙ’Ù†ÙØ§ Ù„ÙØ§ ØªÙØ±Ù’Ø¬ÙØ¹ÙÙˆÙ†â€œApakah kalian mengira bahwa Kami menciptakan kalian dengan sia-sia dan kalian tidak akan dikembalikan kepada Kami?â€ (QS. Al-Muâ€™minun: 115)Baca selengkapnya https://muslimah.or.id/7170-penyesalan-memang-selalu-datang-belakangan.html#musibah #wabah #bencana #covidindonesia #posterdakwah #dakwah #posternasihat #nasihat #kalamulama #muslimindonesia #muslimahindonesia #katakatabijak #dakwahsunnah #dakwahtauhid #pengingatkematian #kematian #kematianitupasti #posterislami10h;2021-07-11T01:41:00.000Z
67;lingkaran.ent;Dengerin mbaknya @denisechariesta, pokoknya tetap patuhi protokol kesehatan ya gaes ğŸ™ğŸ»ğŸ˜Š semoga semua cepat membaik#denisechariesta #denise #luis #dr.luis #satgascovid19 #covid_19 #covid #corona #covidindonesia #gosip #gosipartis #gosipviral #gosipnyinyir #gosipterkini #gosipterbaru #gosipterupdate #gosipterviral #gosipterhangat #tiktok #tiktokers #tiktokindonesia #selebgramindonesia10h;2021-07-11T01:37:59.000Z
68;gofruit.yk;ISI BUAH TERBAIK UNTUK HAMPERS.Peningkatan persentase kesembuhan pasien covid di indonesia terus meningkat.Hingga hari ini pasien sembuh mencapai 28 ribu jiwa dan semakin hari terus meningkat.Yuk ah bisa!Ayo kita support teruus kerabat yang hingga kini masih isolasi mandiri.Berikan semangat, dukungan hingga bingkisan terbaik untuk orang tersayang.Jangan lupa konsumsi makanan bergizi dan asupam buah setiap hari.Salam sehat.10h;2021-07-11T01:31:51.000Z
69;technodereseller;Yuukk jadi berkat menolong sesama membantu penyembuhan covid dengan Technode Humidifier.. ğŸ¤—ğŸ™#technode #technodehumidifier #humidifier #virus #viruscoronadiindonesia #covidindonesia #covid #covid19indonesia #reseller #peluangusaha #peluangbisnis #wiraswasta #umkm #directselling #bisnismurah #bisnisuntung #mlm #multilevelmarketing #networking #networkmarketing19h;2021-07-10T16:36:00.000Z
70;ajibrokenbones;Tone of tearsYa allah ampunnilah dosa2 mereka yg telah gugur di masa pandemi iniâ€¢Ya allah sembuhkan lah mereka yang sedang berjuang melawan covidâ€¢Ya allah berikan lah kekuatan pada kami untuk melawan pandemi iniâ€¢Ya allah sembuhkan lah bumi iniAamiin Aamiin Ya Rabbal Alaminâ€¢#ajibrokenbones#covid_19#covid#covidindonesia#covidãƒ¼19#pandemic#pandemik#pandemikcovid19#pandemiccovid19#samiaji#presidentlaukasin#indonesia19h;2021-07-10T16:34:35.000Z
71;technodereseller;Selamat membantu sesama dalam mencegah perluasan covid19 bersama Technode ğŸ¤—ğŸ™#technode #technodehumidifier #humidifier #virus #viruscoronadiindonesia #covidindonesia #covid #covid19indonesia #reseller #peluangusaha #peluangbisnis #wiraswasta #umkm #directselling #bisnismurah #bisnisuntung #mlm #multilevelmarketing #networking #networkmarketing19h;2021-07-10T16:19:34.000Z
72;selvivie;Propoelix merupakan Bee Propolis yang diekstraksi dengan menggunakan teknologi superblendKandungan Propoelix :- ORAC (Oxygen Radical Absorbance Capacity)- CAPE (Caffeic Acid Phenethyl Ester)- Naringenin- Chrysin- Galangin- Cinnamic Acid- Pinocembrin- Apigenin.Untuk harga, detail produk dan membership :085771188222Atau DM @cloverhoneylovers#cegahcovid #covidindonesia #propoelix #hdiindonesia #hdicloverhoney #hdijakarta #hdiproducts #hdiinfo #madu #maduhdi #maduasli #madumurni #honey #beepollen #beepollenhdi #nutrisilebah #manfaatmadu #infokesehatan #imunbooster #imunitas #jagaimun19h;2021-07-10T16:18:59.000Z
73;elinnn94;Isoman covid-19 stay safe guys ,,,Covid emang beneran ada â˜ºï¸ğŸ¥º#staysafe#stayathome#stayhealthy#covid_19#covidindonesia1d;2021-07-10T00:08:57.000Z
74;selvivie;Manfaat Propoelix1. Antioksidan Tinggi2. Anti Kanker3. Hepatoproteksi4. Anti Mikroba5. Anti Inflamasi6. Anti Jamur7. Efek Kardioprotektif8. Anti Virus9. Imunomodulator.Untuk harga, detail produk dan membership :085771188222Atau DM @cloverhoneylovers#cegahcovid #covidindonesia #propoelix #hdiindonesia #hdicloverhoney #hdijakarta #hdiproducts #hdiinfo #madu #maduhdi #maduasli #madumurni #honey #beepollen #beepollenhdi #nutrisilebah #manfaatmadu #infokesehatan #imunbooster #imunitas #jagaimun19h;2021-07-10T16:18:16.000Z
75;selvivie;Pada umumnya, covid memiliki gejala yang sama seperti flu namun yang membedakan adalah kondisi tertentu atau penyakit penyerta yang mengikuti.Golongan yang rentan :- Usia Lanjut- Memiliki Imun Rendah- Memiliki Penyakit Bawaan atau Komorbid.Untuk harga, detail produk dan membership :085771188222DM @cloverhoneylovers#cegahcovid #covidindonesia #propoelix #hdiindonesia #hdicloverhoney #hdijakarta #hdiproducts #hdiinfo #madu #maduhdi #maduasli #madumurni #honey #beepollen #beepollenhdi #nutrisilebah #manfaatmadu #infokesehatan #imunbooster #imunitas #jagaimun19h;2021-07-10T16:17:20.000Z
76;halimclaudia;Sering dengar, â€œkasihan ya binatang di akuarium / zoo, terkurung gitu, gak bebas, pasti kan sesak tuh dimasukin di satu wadah rame-rameâ€Ada benarnya. Satu wadah terbatas, diisi 1.. 10.. 20, duh gak kehitung ubur-ubur na, kebanyakan ğŸ˜‚Waktu memandangi akuarium itu pun terlintas dipikiranku, Mereka lagi mikirin apa ya? Mereka semua yang ada di dalam rukun gak ya?Waktu hari ini ketemu lagi sama foto ini, malah perspektif lain yang muncul. Scene ini mirip persis keadaanku (dan semua orang Indonesia yang currently living abroad) sekarang.Memandangi keadaan dan berita tentang Indonesia dari jauh, terbatasi layar kaca dan gak bisa melakukan apa-apa.Hanya bisa bertanya-tanya, kalian yang disana apa kabar?Are you guys fine? Kok kayak na gak baik?Kok berita negatif semakin hari semakin banyak?I wanna help but, what can i help..?Sama seperti memandangi ubur-ubur dalam akuarium ini, i feel vulnerable. We who lives abroad actually feels so powerless. When news break our hearts with negative updates, our hearts actually broke even more knowing we can do nothing to help ğŸ’”But still, we pray THE VERY BEST every day and night, for our dear Indonesia to rise. Supaya semua orang bisa bahu membahu saling melindungi.Sama seperti aku yang cuma bisa berbisik lewat kaca ke ubur-ubur ini berharap mereka hidup tentram didalam sana, pada akhirnya ubur-ubur di dalam sana yang punya kendali penuh untuk membuat kehidupan mereka rukun & tentram â˜ºï¸Thank you for reading â¤ï¸â€ğŸ©¹#indonesiabangkit #bisalawancorona #covidindonesia #lawancovid1919h;2021-07-10T16:16:00.000Z
77;jeffriangkasa;Bayangin gimana relaxnya rumah ini? ğŸ˜MM HOUSE, PEKANBARU under construction ğŸ¥°Site area 2300 m2Building area 1200m2Masa pademic ini mengubah mindset orang untuk lebih mendekatkan diri dengan alam / ruang terbuka.Kebutuhan akan cahaya alami dan udara sekarang dirasakan sebagai faktor utama yang harus dimiliki rumah tinggal. Di @angkasaarchitectssendiri terbiasa selalu menedukasi klien, bahwa ruang terbuka dan sirkulasi alami itu penting adanya.Tetap sehat dan selalu prokes ya guys.DESIGNED BY @ANGKASAARCHITECTSARCHITECT PRINCIPAL : @jeffriangkasa+ @indri_kho_ARCHITECT IN CHARGE : Muhammad Kurniawan, Ferdinand Joseph, Afif EidwarSTRUCTURE ENGINEER : Grand Optima#covid #covid19indonesia #covid_19 #covid19 #covidindonesia #terbangbersamaangkasa ğŸš€19h;2021-07-10T16:11:38.000Z
78;zainufrii;Haha, hampir 2 tahun berlalu. Banyak diantara kita menyimpan kerinduan yang terlarut tak kian juga mereda. seringkali rindu senyuman orang tercinta yang penuh harap akan bersua tak juga terlaksana, merangkul, menjabat, serta menceritakan lara kemarin lusa.Terikat dengan penyesalan, terlarut dalam kesedihan, terbelenggu akan keadaan, lantas apa lagi yang harus dilakukan?#streethumanffa20h;2021-07-10T16:03:44.000Z
79;evolve_industry;Desain Menu untuk johnnys beef grillProject tahun 2021#desainmenu #beefslice #beefgrill #menudesign #designagencysurabaya #designagencyjakarta #covidindonesia #covidSingapura #foodblogger #foodiessub #foodphotos #adobepremiere #adobeanimate #jasadesainonline #menucafehargakedai #jasadesainmalang #sosmedstory #jasasosmed21h;2021-07-10T15:08:00.000Z
80;wfsihardian;Petugas mengubur jenasah seorang pasien Covid-19 yang meninggal di rumah, di pemakaman umum pada July 10, 2021 malam di Desa Kalongan, Ungaran, Jawa Tengah Indonesia. Photo by WF SihardianKerabat berdoa di atas makam seorang pasien Covid-19 yang meninggal di rumah, di pemakaman umum pada July 10, 2021 malam di Desa Kalongan, Ungaran, Jawa Tengah Indonesia. Photo by WF Sihardian#covid #covid_19 #covidindonesia #photojournalism #photojornalist #corona #coronaindonesia21h;2021-07-10T15:06:57.000Z
81;treearofficial;Dimasa PPKM gini buat yg dirumah aja wajib banget punya yg namanya Handsanitizer dan Disinfektan buat jd bahan utama juga buat bersih2 rumah. Buat yang masih kerja juga sama pentingnyaa.Nah kita ada promo buat temen-temen semua, sampai dengan PPKM selesai ada promo Handsanitizer Gel dan Liquid.For more info boleh tanya-tanya lewat DM atau contact yg tercantum yaa..Kita juga melayani pengiriman keseluruh Indonesia dengan aman dan biayanya ga bikin boncos ğŸ‘ğŸ¤—.........#handsanitizer #handsanitizerholder #handsanitizermurah #disinfectant #disinfektan #endorsement #endorsegratis #jakartafoodies #handsanitizerjakarta #bajulebaran #hamperslebaran #covidindonesia #mendasuci #coffeeshop #cardholder #sprayhandsanitizer #cafejakarta #pondokindah #disinfektan #jualhandsanitizemurah #covid_19 #coffeshopbogor #cibinong #satgascovid19 #jualhandsanitizemurah #kelapagading21h;2021-07-10T14:58:23.000Z
82;alenawuofficial;Fakta & Hoax Covid19 bersama @drningz dr.R.A.Adaninggar PN, Sp.PDFakta & Hoax Covid19 bersama @drningz dr.R.A.Adaninggar PN, Sp.PDMembahas berbagai pertanyaan seputar CovidSemoga Sesi Ngobrol ini bisa memberi pencerahan & membuat teman2x lebih TENANG karena tidak lagi bingung / lebih memahami berbagai hal seputar Covid iniFollow @drningz untuk info-info terbaru seputar Covid & kesehatanThank u Dr Ninggar ğŸ™ğŸ»ğŸ¥°â£ï¸#drningzedukasicovid #alenawu #covidindonesia #covidjakarta21h;2021-07-10T14:45:01.000Z
83;dlhprovlampung;Reposted from @satuantugascovid19 Perkembangan Data Covid-19 per 10 Juli 2021.Sebaran 35.094 kasus baru:- Jakarta 12.920- Jabar 4.926- Jateng 3.618- Jatim 2.237- DIY 1.809- Kaltim 1.051- Sumbar 847- Riau 738- Bali 678- Sulsel 573- Banten 569- Kepri 481- Sumsel 423- NTT 353- Lampung 336- Babel 322- Kalbar 298- Sumut 284- Kaltara 253- Malut 234- Kalteng 232- Sulut 223- NTB 214- Bengkulu 212- Kalsel 202- Maluku 191- Papbar 190- Sulteng 135- Jambi 134- Aceh 133- Sultra 116- Papua 74- Sulbar 63- Gorontalo 25#sahabattangguh.......#gugustugascovid19 #socialdistancing #ppkm #jagajarak #jakarta #bandung #bekasi #depok #bogor #semarang #surabaya #jawatimur #jawabarat #malang #palembang #medan #banjarmasin #makassar #banjarmasin #balikpapan #manado #papua #covidindonesia21h;2021-07-10T14:39:20.000Z
84;payungqalbu.id;"[MEDIA PARTNER]Kita sedang menjalani perasaan cemas dan trauma kolektif akibat Covid. Tapi kita tidak perlu berjalan sendirian. Mari saling mendukung dan mengedukasi diri untuk tetap sehat dan pulih dari Covid.Ikuti free webinar kolaborasi Loveground x JIVVA Fit""SURVIVING COVID WITH HOLISTIC APPROACH""(Peran yoga, meditasi, dan pernafasan dalam Covid)Selasa, 13 Juli 2021 jam 20:00 wibwith Listiana Hartanto @yogawithlisnaCo-founder JIVVA Fit @jivvafitListiana Hartanto, yang pernah mengidap covid, menggunakan pendekatan holistik dengan berlatih pernafasan, gerakan yoga, dan meditasi untuk membantu menenangkan diri selama terinfeksi covid dan memulihkan diri. Mau tau bagaimana caranya?Registrasi via bio @loveground.co atau ketik bit.ly/survivingcovidindonesia di browsermuSilakan bantu share ke semua grup/ rekan/ keluarga yang membutuhkan. Terima kasih â¤ï¸ğŸ™ğŸ¼..........#covid #covid_19 #covidindonesia #covidjakarta #mengatasicovid #bangkitdaripandemi #bangkitdaricorona1d";2021-07-10T12:05:33.000Z
85;kanadiastore;Kita harus punya tameng nih buat hadepin musuh yang ga keliatan!!ğŸ¤œTetap disiplin protokol kesehatan dan terapkan 6M!âœ” Memakai maskerâœ” Mencuci tangan dengan sabunâœ” Menjaga jarakâœ” Menjauhi kerumunanâœ” Menunda kepergianâœ” Menjaga pola makan yang sehatStay safe allğŸ’™#covid #corona #covid_19 #covidindonesia #coronaindonesia #coronavirus #covid19 #covid19indonesia #covidsemarang1d;2021-07-10T12:04:43.000Z
86;ting.indonesia;Indonesia mencatatkan kasus kesembuhan harian tertinggi dalam update penanganan Covid-19, Jumat (9/7/2021).Dikutip dari covid19.go.id, sebanyak 28.975 pasien Covid-19 dinyatakan sembuh dalam 24 jam terakhir.Angka ini menjadi tambahan kesembuhan tertinggi sepanjang pandemi Covid-19 di Indonesia.Hingga saat ini, total 2.023.548 kasus dinyatakan sembuh, mencapai 82,4 persen dari total kasus infeksi.#tingindonesia#tingviral#jokowi#jokowidodo#vaksin#sinovac#astrazeneca#sinopharm#ulangtahun#updatecovidindonesia#coronaindonesia#corona#viruscorona#pandemi#updatecorona#updatecovid#covidindonesia#covid19#ppkm#ppkmdarurat#ppkmjakarta1d;2021-07-10T11:57:16.000Z
87;givemegift_surabaya;Di masa kayak gini gamungkin dong ketemu buat kasih perhatian lebih ke pacar ?nahh mimin punya solusi biar kalian tetep bisa kasih perhatian lebih ke dia. *psstt.. especially para cowok, nih!Healthy Kit Anti Corona solusinya! ^^Healthy Kit ini bisa banget jadi mood booster biar si dia makin menjaga kesehatannya, loh!btw jaga kesehatan kalian yah biar bisa nge-date lagi sama doi setelah PPKM ğŸ˜ğŸ¤in frame : Healthy Box for Mrs. @faraadm ğŸ˜Happy ShoppingğŸ™†ğŸ»â€â™€ï¸âœ¨â€¢â€¢â€¢Waktu Pengemasan : 1 - 2 HariMore Info & Order : DM or Whatsapp +62 895-3420-34912#healthybox #healthykit #anticorona #covid_19 #snackbox #snackboxgresik #snackboxsidoarjo #snackboxsurabaya #hamperssurabaya #hampersgresik #hamperssidoarjo #covidindonesia #firstaid #moodbooster #giftideas #hamperskesehatan #healthylifestyle #vaksÃ¬ncovid19 #kadocewek1d;2021-07-10T11:51:55.000Z
88;idrusfirmansyah_;Repost from @jktinfoApa yang bisa dilakukan bila saturasi kadar oksigennya di bawah 94% tidak ada tabung oksigen?Para ahli menyarankan untuk belajar melakukan posisi prone atau proning.Teknik ini akan membantu melancarkan pernapasan. Cek caranya pada infografik berikut!Bagikan informasi kepada orang terdekatmu yang membutuhkan, agar mereka dapat meningkatkan kembali saturasi oksigen di dalam tubuhnya.-Sumber: Ministry Of Health & Family Welfare, Government Of India.Infografis: @dkijakarta #jktinfo #covidindonesia1d;2021-07-10T11:47:30.000Z
89;humas.bpbd.serangkab;Sabtu, 10 Juli 2021â£â£Slide 1 - 3BPBD Kabupaten Serang melakukan penyemprotan disinfektan guna mencegah penyebaran virus covid-19 yang bertempat di Pengadilan Agama, kota serangSlide 4 - 7Tim SAR BPBD Kabupaten Serang melakukan penyemprotan disinfektan guna mencegah penyebaran virus covid-19 yang bertempat di Desa Sindanglaya, Kec. CinangkaInstagram : Humas BPBD Kabupaten Serangâ£â£â£â£â£â£â£â£â£â£â£â£â£Facebook : BPBD Kabupaten Serangâ£â£â£â£â£â£â£â£â£â£â£â£â£Twitter : BPBD Kabupaten Serangâ£â£â£â£â£â£â£â£â£â£â£â£â£Youtube : Humas BPBD Kabupaten Serangâ£â£â£â£â£â£â£â£â£â£â£â£â£â£â£â£â£â£â£â£â£â£â£â£â£â£â£â£â£â£â£â£â£â£â£â£â£â£â£Cc:@nanasukmanaofficial_â£â£â£â£â£â£â£â£â£â£â£â£â£Cc:@tbmaftuhiofficialâ£â£â£â£â£â£â£â£â£â£â£â£â£â£â£â£â£â£â£â£â£â£â£â£â£â£â£â£â£â£â£â£â£â£â£â£â£â£â£#tangkastanggaptangguh #kitajagaalam #alamjagakita #bnpb #bnpbindonesia #bpbdjateng #damkarhits #bpbdbandung #bpbdindonesia #banten #serang #serangbanten #basarnas #damkarserang #kabserang #damkar #damkarhits #seranggawe #serangjawara #kotaserang #siapuntukselamat #sosialisasi #covid19urusanbersama #coronaindonesia #covidindonesia1d;2021-07-10T11:41:50.000Z
90;tokoulani;All type ready on July 2021.Harga dibawah MP, gak UP ya di tokoulani.Yang sudah order PO LK 87 masih bisa tambah qty ya.Masuk juga type LK 88 & LK 89.Bisa dikirim barengan.*** Terima Reseller & Dropship ***Info & orderWA : 087870830305Telegram : @tokoulaniWA : *khusus reseller & dropshipShopee :. @tokoulani#oxygen #oxymeter #oxymetermurah #oxymeterjakarta #oxymeterready #oximeter #oximetermurah #oximeters #covid_19 #covid #coviÌ‡d19 #covidindonesia #nanogun #nanogunspray #thermometer #thermometerdigital #thermo #jualanalkes #alkesjakarta #masker #maskerkain #maskermurah #oxymeterlk87 #oxymeterlk88 #oxymeterlk89 #jualanimport #barangimport #importbangkok #importchina #import1d;2021-07-10T10:47:40.000Z
91;officialjejak;Penyakit covid 19 bukan aib atau penyakit yg harus dijauhi manusianya, coba untuk saling bantu yah teman2 jika ada sahabat, sodara, atau keluarga yg terkena covid 19 jangan di intimidasi ğŸ™Waspada boleh tapi jangan primitif juga pikirannya!1d;2021-07-10T10:39:28.000Z
92;the.retail.way;KN95 (5 PLY) ğŸ˜·KUALITAS Medium (medium quality)Harga/PRICE - 20,000 (10 PCS).Colour options available/ ada warna yang lainTo order :DM @the.retail.way orWA 085719495589â˜ï¸(Sachin Keswani)Order langsung kirim format aja /Order directly from us by filling out the details -Nama/NAME :Alamat/ADDRESS :No Hp/PHONE:Pesanan/ORDERPembayaran/PAYMENT : bca/mandiri#covidindonesia #masker #maskerindonesia #coronaindonesia#maskersensi#jangankendorpakaimasker1d;2021-07-10T10:37:36.000Z
93;willbakery.id;Will Bakery Social Projects 2021We bake. We Love. We Care.A big thanks to @diferensia.id , @raihmimpi_id and @caricaracreative for making these social projects possible â¤ï¸.#socialworkindonesia #indonesiacovid19 #covidbandung #socialprojectindonesia #socialprojectbandung#covidindonesia #bakerybandung1d;2021-07-10T10:25:42.000Z
94;puskesmaskubu;Dengan segala harapan dan segenap do'a, lekas membaik Indonesia. Semoga lenyap segala ratap, tangis dan ketakutan.#indonesia #covidindonesia#mengheningkancipta#nakes #relawan #covid #indonesia #dirumahaja #corona #coronavirus #coronaindonesia #lawancovid #cov #viruscorona #jakarta #newnormal #socialdistancing #viruscoronadiindonesia #stayathome #jokowi #viral #physicaldistancing #tenangdanwaspada #virus #dirumahajadulu #jagajarak #wfh #staysafe #dirumahsaja #psbb #janganpanik1d;2021-07-10T10:19:09.000Z
95;imperomedika;Halo, Sahabat Medika!Berikut adalah daftar aplikasi telemedicine penyedia vitamin dan obat gratis bagi Sahabat yang sedang isolasi mandiri karena Covid-19 resmi dari Kemenkes.Save dulu postingan ini, biar sewaktu-waktu Sahabat ingat!Jangan lupa follow dan aktifkan notifikasi akun Impero Medika untuk mendapatkan informasi seputar alat kesehatan dan berita kesehatan lainnya.#ImperoMedika#HealthyLife#HappyLife#staysafe#stayhealthy#healthylifestyle#doctor#medical#hospital#beritacovid#covidnews#covidindonesia#covid19indonesia#coivd_19#lawancovid19#covid19#covid19news#infocovid#infocorona#updatecovid19#updatecovid#infocovid19#updatecorona#updatecoronaindonesia#beritacovid#beritacovid191d;2021-07-10T10:19:01.000Z
96;lastry_may_sinagaa;Serah Terima TOYOTA Calya â¤#pandemic#pandemi#covid19indonesia#covid_19#covid#covidvacccine#coviÌ‡d19#covid2020#covidindonesia1d;2021-07-10T10:10:36.000Z
97;mercusuardakwah;barakallah ustadz, Sehat selaluğŸ¤²ğŸ¤²ğŸ¤².=======================Join Telegram : t.me/mercusuarumat.Follow dan Ramaikan@mercusuar_islam@mercusuardakwah@mercusuar_=======================#pemerintahabai #politik #covidindonesia #ppkm1d;2021-07-10T10:10:28.000Z
98;mwintolo;"Posted @withregram â€¢ @anandashram Lagu ini sering dinyanyikan oleh Para Penyintas Kanker dan Covid-19 untuk memberikan semangat juang dari dalam diri yang dapat memperkuat imunitas tubuh dan mental emosional.Anand Ashram mengadakan pelayanan kepada para penyintas Kanker dan Covid-19 setiap hari Sabtu melalui zoom memberikan latihan olah nafas dan meditasi.Subscribe Youtube Channel ""AnandAshramIndonesia"" & ""AnandKrishnaIndo"" untuk mendapatkan video-video yang mencerahkan.Info Pelayanan â˜ï¸ +62 816-1988-856...#lagu #musik #musiksehat #musikkesembuhan #sehat #kesembuhan #kanker #penyakit #penyakitkanker #pasienkanker #pasiencovid #covidindonesia #wismaalet #lagusehat #lagucinta #musikcinta #musikilahi #imunitas #sehatmental #kesehatanmental #bhaktisosial #seva #relawan#Pencerahan #Motivasi #Inspirasi #Kedamaian #PemberdayaanDiri #meditasi #meditasinse1d";2021-07-10T10:09:52.000Z
99;mercusuar_islam;barakallah ustadz, Sehat selaluğŸ¤²ğŸ¤²ğŸ¤².=======================Join Telegram : t.me/mercusuarumat.Follow dan Ramaikan@mercusuar_islam@mercusuardakwah@mercusuar_=======================#pemerintahabai #politik #covidindonesia #ppkm1d;2021-07-10T10:09:05.000Z
100;mercusuar_;barakallah ustadz, Sehat selaluğŸ¤²ğŸ¤²ğŸ¤².=======================Join Telegram : t.me/mercusuarumat.Follow dan Ramaikan@mercusuar_islam@mercusuardakwah@mercusuar_=======================#pemerintahabai #politik #covidindonesia #ppkm1d;2021-07-10T10:08:19.000Z
101;outsylooks;This video @showimah is quite to explain how the present this situation, we pray hope to the government get method to handling covid-19 for the best for all of us.[ ğŸ¥ via @showimah ]....#covid_19 #covid #corona #covidindonesia #infocovid19 #infocorona #jakarta #indonesia #letsvaccinejakata #vaccinationdoneâœ”ï¸ #vaccine #comedian1d;2021-07-10T10:00:37.000Z
102;jogjacart;"Banyak yang ""stress"" dalam menghadapi semua yang terjadi saat ini. Banyak yang kesulitan dan kehilangan. Biarkan mereka bersenang-senang dengan caranya sendiri. Selagi tidak merugikan orang lain, kan? â¤Cr : @nkcthi#nkcthi #nkcthiquotes #wattpadquotes #quoteindonesia #kutipancinta #quotesmotivasi #quotegram #quotesbijak #quotestoremember #pandemi #covid_19 #covidindonesia #covidindonesia #staysafe1d";2021-07-10T07:39:15.000Z
103;arovahidham;mohon info jika ada yg sesuai kriteria atau bs langsung datang ke PMI Cibinong, Bogorterima kasih ğŸ™#donordarah #donordarahplasma #donordarahplasmakonvalesen #darahplasma #darahplasmakonvalesen #donordarahab #donordarahbogor #pmicibinong #covidindonesia #coronaindonesia1d;2021-07-10T07:22:06.000Z
104;sunflowerr_21;BRANCH : Sunflower_21Link SHOPEE at Bio â¬†ï¸â¬†ï¸â¬†ï¸Our Marketplace :LAZADA : Sunflower_21TOKPED : Sunflower_21SHOPEE : Sunflowerr_21Discount Up to : 60% - 70%Ikuti toko dapatkan discount 5% tanpa minimal pemesananâ€¦#kosmetik #kosmetikmurah #kosmetikstudio #skincare #skincareroutine #skincareindonesia #skincareremaja #skincaretips #shopeehaul #shopeeid #shopeegiveaway #shopeepaylater #shopeefeed #lazadahaul #tokopediapromo #lazadaid #lazadagiveaway #infodenpasar #infosingkawang #infojakarta #infosulawesi #infomaluku #infopekanbaru #infobatam #coronaindonesia #covidindonesia #gudangskincare #gudangkosmetik #asemkakosmetik #kosmetikasemka1d;2021-07-10T07:21:40.000Z
105;miss.indahindah;Jeans or yoga pants??Nothing should stop you from feeding your mind, body and soul with daily yoga practice.Indeed we can do yoga in these jeansğŸ’™ğŸ¤...#tiptoepose#balancepose#focusonyourself#breathinbreathout#breathingtechniques#coreworkout#inhaleexhale#smileonmyface#lockdownactivities#yogadailyflow#yogaforanxiety#yogameditation#slowyourselfdown#calmyourmind#calmyourself#quarantinelife#covidindonesia#staysafeandhealthy#stayhappyalwaysâ¤ï¸#stayhomesavelives#staysafeeveryone#yogasanas#yogatiptoes#rippedjeans#bluejean#yogaminimat#yogapractise1d;2021-07-10T07:20:22.000Z
106;sunflowerr_21;BRANCH : Sunflower_21Link SHOPEE at Bio â¬†ï¸â¬†ï¸â¬†ï¸Our Marketplace :LAZADA : Sunflower_21TOKPED : Sunflower_21SHOPEE : Sunflowerr_21Discount Up to : 60% - 70%Ikuti toko dapatkan discount 5% tanpa minimal pemesananâ€¦#kosmetik #kosmetikmurah #kosmetikstudio #skincare #skincareroutine #skincareindonesia #skincareremaja #skincaretips #shopeehaul #shopeeid #shopeegiveaway #shopeepaylater #shopeefeed #lazadahaul #tokopediapromo #lazadaid #lazadagiveaway #infodenpasar #infosingkawang #infojakarta #infosulawesi #infomaluku #infopekanbaru #infobatam #coronaindonesia #covidindonesia #gudangskincare #gudangkosmetik #asemkakosmetik #kosmetikasemka1d;2021-07-10T07:20:18.000Z
107;sunflowerr_21;BRANCH : Sunflower_21Link SHOPEE at Bio â¬†ï¸â¬†ï¸â¬†ï¸Our Marketplace :LAZADA : Sunflower_21TOKPED : Sunflower_21SHOPEE : Sunflowerr_21Discount Up to : 60% - 70%Ikuti toko dapatkan discount 5% tanpa minimal pemesananâ€¦#kosmetik #kosmetikmurah #kosmetikstudio #skincare #skincareroutine #skincareindonesia #skincareremaja #skincaretips #shopeehaul #shopeeid #shopeegiveaway #shopeepaylater #shopeefeed #lazadahaul #tokopediapromo #lazadaid #lazadagiveaway #infodenpasar #infosingkawang #infojakarta #infosulawesi #infomaluku #infopekanbaru #infobatam #coronaindonesia #covidindonesia #gudangskincare #gudangkosmetik #asemkakosmetik #kosmetikasemka1d;2021-07-10T07:19:27.000Z
108;cloverhoney.bysanti;Paket easi starter set, lebih ramah dikantong pastiny ğŸ˜#hdiindonesia #hdimember #memberhdi #memberbskin #membershiphdi #paketcovid #hdijakarta #hdi #hdijakartaselatan #hdijakartautara#cloverhoneyhdi#propoelixpromo #propoelixhdi #royaljellyhdi #royaljellyhdi #pollenergy #produkkesehatan #suplemenanak #suplemen #MIMS #produkhdi #promohdi #hdimember #promohdi #produkkesehatan #korona #corona #covid19 #zonamerah #covidindonesia #cloverhoneyjambi #madujambi #propelix#vitamincovid1d;2021-07-10T07:17:36.000Z
109;sunflowerr_21;BRANCH : Sunflower_21Link SHOPEE at Bio â¬†ï¸â¬†ï¸â¬†ï¸Our Marketplace :LAZADA : Sunflower_21TOKPED : Sunflower_21SHOPEE : Sunflowerr_21Discount Up to : 60% - 70%Ikuti toko dapatkan discount 5% tanpa minimal pemesananâ€¦#kosmetik #kosmetikmurah #kosmetikstudio #skincare #skincareroutine #skincareindonesia #skincareremaja #skincaretips #shopeehaul #shopeeid #shopeegiveaway #shopeepaylater #shopeefeed #lazadahaul #tokopediapromo #lazadaid #lazadagiveaway #infodenpasar #infosingkawang #infojakarta #infosulawesi #infomaluku #infopekanbaru #infobatam #coronaindonesia #covidindonesia #gudangskincare #gudangkosmetik #asemkakosmetik #kosmetikasemka1d;2021-07-10T07:16:33.000Z
110;edu.katif.id;Ternyata banyak dari keluarga/kerabat/sahabat yang positif covid-19. Nah, apasih yang bisa kita lakukan untuk membantu kerabat kita yang positif covid-19?Yuk cek postingan diatas yah! Jangan lupa komen pengalaman berharga kamu dalam membantu saudara saudara yang terkena covid-19 dibawah ini yahh ğŸ‘‡ğŸ¼ğŸ‘‡ğŸ¼.....#covid_19 #covid #corona #coronaindonesia #socialdistancing #socialdistance #mentalhealth #mentalhealthsupport #mentalhealthawareness #mentalwellness #psychology #psychologyfacts #covid_19 #covidvacccine #covidindonesia #isolasimandiri1d;2021-07-10T07:15:10.000Z
111;sunflowerr_21;BRANCH : Sunflower_21Link SHOPEE at Bio â¬†ï¸â¬†ï¸â¬†ï¸Our Marketplace :LAZADA : Sunflower_21TOKPED : Sunflower_21SHOPEE : Sunflowerr_21Discount Up to : 60% - 70%Ikuti toko dapatkan discount 5% tanpa minimal pemesananâ€¦#kosmetik #kosmetikmurah #kosmetikstudio #skincare #skincareroutine #skincareindonesia #skincareremaja #skincaretips #shopeehaul #shopeeid #shopeegiveaway #shopeepaylater #shopeefeed #lazadahaul #tokopediapromo #lazadaid #lazadagiveaway #infodenpasar #infosingkawang #infojakarta #infosulawesi #infomaluku #infopekanbaru #infobatam #coronaindonesia #covidindonesia #gudangskincare #gudangkosmetik #asemkakosmetik #kosmetikasemka1d;2021-07-10T07:14:34.000Z
112;bluderkoe_madiun;Happy Weekend semua.....yang sedang isoman, yg sedang pemulihan, yg sedang berjuang utk kembali pulih ,sehat,dan kembali ke keluarga tercinta...ğŸ’–ğŸ’–...kita semua sama sedang berjuang utk diri sendiri, utk keluarga, utk negara dan semua orang di dunia ini terbebas dan Virus Covid 19 ini, tetap semangat ğŸ’ªğŸ’ª,selalu minta kepada sang Pencipta Virus ini, Alloh yg Maha segala nya supaya semuanya segera membaik....amin....ğŸ˜ŠğŸ˜ŠğŸ¤²ğŸ¤²#pejuangcovid19#covidindonesia#allohmahabesar#pastisegeraberakhir1d;2021-07-10T07:10:13.000Z
113;sunflowerr_21;BRANCH : Sunflower_21Link SHOPEE at Bio â¬†ï¸â¬†ï¸â¬†ï¸Our Marketplace :LAZADA : Sunflower_21TOKPED : Sunflower_21SHOPEE : Sunflowerr_21Discount Up to : 60% - 70%Ikuti toko dapatkan discount 5% tanpa minimal pemesananâ€¦#kosmetik #kosmetikmurah #kosmetikstudio #skincare #skincareroutine #skincareindonesia #skincareremaja #skincaretips #shopeehaul #shopeeid #shopeegiveaway #shopeepaylater #shopeefeed #lazadahaul #tokopediapromo #lazadaid #lazadagiveaway #infodenpasar #infosingkawang #infojakarta #infosulawesi #infomaluku #infopekanbaru #infobatam #coronaindonesia #covidindonesia #gudangskincare #gudangkosmetik #asemkakosmetik #kosmetikasemka1d;2021-07-10T06:59:20.000Z
114;hiljarpurnama;Wabah ini masih menjadi ancaman kita semua. Tetap patuhi Protokol kesehatan dengan baik. #covid_19#covÄ±d #covid19indonesia #covidmemes #coviÌ‡d19 #covid19indonesia #covidindonesia1d;2021-07-10T05:48:23.000Z
115;nizuut;Aloha teman-teman! dengan semakin banyaknya kasus covid-19 di Indonesia, kita harus lebih extra dalam menjaga diri kita! tidak hanya untuk diri sendiri, kita pun harus melindungi orang disekitar kita yağŸ˜·ğŸ‘ğŸ».@studentaffairsumn.#covid_19 #dirumahaja #covidindonesia #protokolkesehatan1d;2021-07-10T05:38:09.000Z
116;peduliskizofrenia;Regramm dari dr Ida Rochmawaty SpKj @idapsikiaterAPAKAH ODGJ BOLEH DIVAKSININASI COVID?Pertanyaan ini sering diajukan pasien dan keluarganya kepada kami. Berdasarkan rekomendasi dari Perhimpunan Dokter Spesialis Kedokteran Jiwa Indonesia (PDSKJI) tidak ada kontra indikasi vaksin karena gangguan jiwa kecuali dalam kondisi tertentu. Untuk lebih jelasnya dapat disimak di carousel di atas.Sumber: @pdskji_indonesiaIda RochmawatiPsikiater di RS PKU Muhammadiyah Wonosari GK Yogyakarta.Bila manfaat silahkan like, comment, share dan saveUntuk informasi bermanfaat lainnya, silahkan foloow Instagram @idapsikiater#vaksincovid19 #covid_19 #covidindonesia #satgascovid #odgj #sehat #sehatjiwaSaran: sebaiknya dibaca berurutan1d;2021-07-10T05:32:19.000Z
117;imsastra;TETEP VAKSIN GA?Tetep dongâ€¦Ingat proteksi optimal = pola hidup sehat + prokes + vaksinYuk dishare, agar semua kerabat dan teman terdekat kita mengetahui akan hal ini. Jangan lupa di save, agar kalian tetap ingat, dan dapat mengedukasi orang di sekitar anda.#covidindonesia #covid_19 #covid #covid19 #rsdc #gaul #sinovac #reviewsinovac #mataram #jakarta #bandung #yogyakarta #semarang #malang #surabaya #denpasar #palembang #fkugm #fkundip #fkunpad #fkub #fkui #fkunand #fkuntar #fkub #fkudayana #fkuph #tanyadoktersastra1d;2021-07-10T05:27:35.000Z
118;mxlsports.id;Penggunaan masker ganda sedang marak tapi kalau kayak gitu gimana nafasnya??!HAHAHA ğŸ¤£Stay safe buat temen-temen semua..Yuk, sama-sama jaga kesehatan. Bersama kita bisa putus penyebaran COVID-19 iniğŸ˜Sumber: Tiktok @Hrudi..#peralatansepeda#partsepeda#mxlsports#gowessehatbahagia#gowessehat #memegowes #coronaindonesia#corona #coronaindonesia #coronamemes #coronavid19 #coronavairus #covid19indonesia #covidindonesia #covid19indonesia #covidmemes #covid_19 #amancovid #prokes #prokescovid19 #prokesuntukkitasemua #sepedasehat #goweskece #roadbikeindonesia #roadbikejakarta #roadbikesurabaya1d;2021-07-10T05:19:09.000Z
119;imperomedika;Sahabat Medika!Menteri Kesehatan Budi Gunadi Sadikin baru saja mengumumkan bahwa pasien Covid-19 yang isolasi mandiri di rumah berhak mendapatkan layanan obat dan konsultasi gratis dari platform telemedicine yang terdaftar di Kemenkes.Seperti apa detilnya? Simak terus postingan di atas!Jangan lupa follow dan aktifkan notifikasi akun Impero Medika untuk mendapatkan informasi seputar alat kesehatan dan berita kesehatan lainnya.#ImperoMedika#HealthyLife#HappyLife#staysafe#stayhealthy#healthylifestyle#doctor#medical#hospital#beritacovid#covidnews#covidindonesia#covid19indonesia#coivd_19#lawancovid19#covid19#covid19news#infocovid#infocorona#updatecovid19#updatecovid#infocovid19#updatecorona#updatecoronaindonesia#beritacovid#beritacovid191d;2021-07-10T05:16:36.000Z
120;bagimuindonesiaku;Pemerintah dan masyarakat mesti kompak. Jangan ragu2 lagi. Sudah terlalu banyak korban. Pandemi tidak akan berakhir tanpa kerja keras!Pemerintahnya TEGAS! Masyarakatnya PATUH!Itu kuncinya â˜.#pandemi #covidindonesia #prokes #prokesuntukkitasemua #stayathome #staysafeeveryone #stayhome #staysafe #stayhomestaysafe #stayhealthy #vaksin #vaksÃ¬ncovid191d;2021-07-10T05:12:21.000Z
121;emas_info;Kematian adalah nasihat terbaik.Semoga Allah. memanggilkan kita dengan keadaan khusnul khotimahğŸ¤².Like & Share:FollowğŸ‘‰@emas_infoFollowğŸ‘‰@emas_infoFollowğŸ‘‰@emas_info.#semangatberbagi #bapervideo #nasihatdiri #nasihatpernikahan #carabisnis #belajarbisnis #belajarbisnisdigital #investasiemas #katabijakkehidupan #videodakwah #motivasibisnis #motivasihidup #motivasisuksesmuda #suksesusiamuda #suksesbersama #islamquotes #bersyukurselalu #suksesusiamuda #suksesbersama #viralbanget #indonesiamenang #ekonomiindonesia #ekonomisyariah #karyaanakbangsa #videomotivasi #covidindonesia #ppkm #ppkmdaruratRepoat: @alijufri961d;2021-07-10T05:01:12.000Z
122;cloverhoney.kosambi;Jaga kesehatan keluarga dengan produk perlebahan dari HDI. Sudah masuk BPOM, dan dijamin HALAL dan sudah melalui Uji Klinis, dan terdaftar dalam MIMS. Konsumsi secara rutin utk menjaga imunitas secara maksimal.Informasi & pemesanan :DM / WA : 087877814821#covid #covidindonesia #produkkesehatan #produkhdi #jualprodukhdi #memberhdi #propoelixhdi #cloverhoneyhdi #royaljellyhdi #beepropolis #kids3 #pollenergy520 #cloverhoneyjakarta #cloverhoneyjakartabarat #cloverhoneykosambi #hdikosambi1d;2021-07-10T04:52:34.000Z
123;cloverhoney.kosambi;Jaga kesehatan keluarga dengan produk perlebahan dari HDI. Sudah masuk BPOM, dan dijamin HALAL dan sudah melalui Uji Klinis, dan terdaftar dalam MIMS. Konsumsi secara rutin utk menjaga imunitas secara maksimal.Informasi & pemesanan :DM / WA : 087877814821#covid #covidindonesia #produkkesehatan #produkhdi #jualprodukhdi #memberhdi #propoelixhdi #cloverhoneyhdi #royaljellyhdi #beepropolis #kids3 #pollenergy520 #cloverhoneyjakarta #cloverhoneyjakartabarat #cloverhoneykosambi #hdikosambi1d;2021-07-10T04:52:15.000Z
124;cloverhoney.kosambi;Jaga kesehatan keluarga dengan produk perlebahan dari HDI. Sudah masuk BPOM, dan dijamin HALAL dan sudah melalui Uji Klinis, dan terdaftar dalam MIMS. Konsumsi secara rutin utk menjaga imunitas secara maksimal.Informasi & pemesanan :DM / WA : 087877814821#covid #covidindonesia #produkkesehatan #produkhdi #jualprodukhdi #memberhdi #propoelixhdi #cloverhoneyhdi #royaljellyhdi #beepropolis #kids3 #pollenergy520 #cloverhoneyjakarta #cloverhoneyjakartabarat #cloverhoneykosambi #hdikosambi1d;2021-07-10T04:51:36.000Z
125;sinyo_aseee;Iki tohh tambal ban online ğŸ˜‚ğŸ˜‚ğŸ˜‚.#amazing #kekinian #wowfakta #wow #malang #bandung #surabaya #jakarta #vidgram #live #love #2020 #viral #funnyvideos #funny #fun #likeforfollow #sekolah #tag #petasan #suroboyo #surabaya #vidgram #sinyo_asee #tiktok #tiktokindonesia #tiktokviral #covid_19 #covid #covidindonesia #covidmemes1d;2021-07-10T04:50:36.000Z
126;vonnystellahealing;Surround yourself with people who accept you for who you are, who love you unconditionally, who support you to grow and to be the best version of yourself ğŸ™#friendship#bbf#frequency#vibration#grateful#blessing#takecare#blessyou#besafe#salamsehat#covidindonesia#ppkmdarurat#thisshallpass#doa1d;2021-07-10T02:48:40.000Z
127;titipdongsiiss;21century Vitamin C, 500 mg,250 Tablets harga 230.000 (cocok banget buat sekeluarga karna isinya yang banyak)#vitaminc #vitaminoriginal #vitaminusa #covidindonesia #covid #covid_191d;2021-07-10T02:48:29.000Z
128;zahra.elmalik;Demi indonesia dan semua yang telah gugur ğŸ™ğŸ»Semoga lekas membaik bumiku dan pandemik segera berakhir ğŸ™ğŸ»ğŸ˜‡#heningciptaindonesia #prayforindonesia #covidindonesia #pandemic #bumnuntukindonesia #bumnhadiruntuknegeri #bankbri_id1d;2021-07-10T02:44:35.000Z
129;berpenco;Pada hari Jumat kemarin, telah tiba 200 ventilator dari Singapura serta tabung oksigen, APD, masker, dan alat kesehatan lainnya. Kiriman 1000 unit ventilator dari Australia juga diperkirakan akan tiba malam ini.Indonesia juga telah mendapat tawaran dukungan kerja sama dari AS, Belanda, Jepang, Inggris, UEA, Tiongkok dan negara-negara lainnya.Letâ€™s fight this virus together ğŸŒâœŠğŸ»#BerpenLawanCovid #beritaterkini #beritaterbaru #covidindonesia1d;2021-07-10T02:35:25.000Z
130;webinar_investor;[WEBINAR : Panduan Menjaga Imunitas dan Kesehatan Mental di masa pandemi COVID-19]Mau tau makanan apa saja yang bisa meningkatkan imunitas kita di kala pandemi?Stress berkepanjangan gara-gara pandemi?Kamu jadi gloomy dan badmood seharian?Jangan dulu. Cek tips mengatasinya di webinar kami!Webinar ini akan membantu anda menjawab permasalahan terkini di masa pandemi pada bidang mental juga belajar tentang gaya hidup sehat dan nutrisi dari makanan yang diperlukan pada kondisi pandemi ini.SAVE THE DATE !!!ğŸ—“ï¸ Minggu, 4 Juli 2021ğŸ•› pukul 09.30-12.00 WIBğŸ“³ Live via zoomğŸŸï¸ FREE registğŸ E-SERTIF, Saldo OVO 20k untuk 3 orang, Goodiebag from Inez Cosmetics untuk 5 orangNarasumber :â€¢ dr. Hafid Algristian, Sp.KJ(Diary on the Pandemics: Bagaimana Menjaga â€œPositive Vibesâ€ dalam Kehidupan Sehari-hari)â€¢ Dr. Widati Fatmaningrum, dr., M.Kes., Sp.GK(Peran Nutrisi & Gaya Hidup dalam Optimalisasi Imunitas Tubuh untuk Melawan COVID-19)Moderator:â€¢Alfira Nailatul Izzah, S.Ked(Duta Favorit FK Unair 2018)Kami tunggu partisipasi saudara sekalian untuk bergabung pada webinar kami. Segera daftarkan dirimu, dan ajak orang-orang terdekat mu untuk belajar mengenai dampak dari pandemi dan penanganannyaJangan lupa registrasi melalui link>> s.id/WebinarKKN20CovidGRATIS & TERBUKA UNTUK UMUM !!!#KKNFKUNAIR #ModulCovid #FKUNAIR #WebinarWithInez #WEBINAR #webinargratis #webinarkesehatan #covid19 #covid_19 #covidindonesia #mentalhealth #gizi #ayoberolahraga #marihidupsehat #imunitas #gayahidupsehat #produktif #milenial1d;2021-07-10T01:58:23.000Z
131;dr.zaidulakbar_vidio;BismillahHindari kecemasan berlebih, apalagi di zaman corona seperti sekarang ini. Waspada memang perlu, panik dan cemas mohon untuk bisa dikurangi. Karena memang kecemasan berlebih seringkali menimbulkan berbagai macam masalah kesehatan.â£â£.Cari bahan JSR dan madu murni bisa langsung ke @madusolocom...Stay Safe jaga diri dan kesehatan semuanya, semoga kita semua ada dalah lindungan-Nya.â£â£...Kasih ğŸ’–jika kalian suka info ini dan tag temen kamu atau saudara kamu agar menjadi ladang kebaikan...#herbal #sehat #corona #vaksÃ¬ncovid19 #vaksin #vaksinasi #covidindonesia #covid19 #covid_19 #zaidulakbar #drzaidulakbar #kesehatan #ilmu #islam #muslim #dakwah #viral1d;2021-07-10T01:41:39.000Z
132;irene.radjiman;COVIDIOTBagi yang sering ngomong COVIDIOT. PAHAMI INI!#covidiot #covidindonesia #covidiots1d;2021-07-10T01:38:12.000Z
133;momovele.id;Hiperkapnia terkadang juga disebut banyaknya karbon dioksida dalam tubuh. Kondisi ini bisa disebabkan oleh hipoventilasi atau gangguan pernapasan akibat kurangnya oksigen dalam paru-paru.Seseorang dengan hiperkapnia bisa mengalami gejala ringan yang berkembang lebih berat seiring berjalannya waktu. Karena itu, seseorang mungkin tak menyadari dirinya memiliki hiperkapnia.Adapun gejala hiperkapnia, dilansir oleh Medical News Today, antara lain pusing, rasa kantuk, kelelahan berlebihan, sakit kepala, kebingungan hingga sesak napas.Gejala hiperkapnia bisa timbul dari periode pernapasan yang dangkal atau lambat yang lebih pendek, seperti ketika tidur nyenyak.Gejala hiperkapnia itu bisa berjalan beberapa hari dan penderita disarankan memeriksakan diri ke dokter.Orang dengan hiperkapnia juga bisa mengalami gejala yang lebih berat, meliputi:â€¢Koma dan hilangnya kesadaranâ€¢Depresi atau paranoiaâ€¢Hiperventilasi atau pernapasan berlebihanâ€¢Detak jantung tidak teratur atau aritmiaâ€¢Otot berkedutâ€¢Serangan panikGejala berat dari hiperkapnia ini bisa menyebabkan komplikasi lain. Oleh karenanya, seseorang perlu perawatan medis segera.Catatan: Caption hanya menjelaskan terkait hiperkapnia dari sumber lain.Untuk hasil penelitian, Anda bisa membuka link yang sudah di sederhanakan (tertera di gambar).@momovele.id#momovele #covidindonesia #covid19news #covid19indonesia #covid_19 #coviÌ‡d19 #ppkm #ppkmdarurat #ppkmjawabali #ppkmdaruratjawabali #indonesia1d;2021-07-10T01:32:58.000Z
134;dr.zaidul.akbar_;BismillahHindari kecemasan berlebih, apalagi di zaman corona seperti sekarang ini. Waspada memang perlu, panik dan cemas mohon untuk bisa dikurangi. Karena memang kecemasan berlebih seringkali menimbulkan berbagai macam masalah kesehatan.â£â£..â£â£Stay Safe jaga diri dan kesehatan semuanya, semoga kita semua ada dalah lindungan-Nya.â£â£..â£â£Cari bahan JSR dan Madu murni bisa langsung ke @madusolocom â£â£..â£â£Kasih ğŸ’–jika kalian suka info ini dan tag temen kamu atau saudara kamu agar menjadi ladang kebaikan...#herbal #sehat #corona #vaksÃ¬ncovid19 #vaksin #vaksinasi #covidindonesia #covid19 #covid_19 #zaidulakbar #drzaidulakbar #kesehatan #ilmu #islam #muslim #dakwah #viral1d;2021-07-10T01:27:29.000Z
135;drzaidulakbar.resep;BismillahHindari kecemasan berlebih, apalagi di zaman corona seperti sekarang ini. Waspada memang perlu, panik dan cemas mohon untuk bisa dikurangi. Karena memang kecemasan berlebih seringkali menimbulkan berbagai macam masalah kesehatan.â£â£..â£â£Stay Safe jaga diri dan kesehatan semuanya, semoga kita semua ada dalah lindungan-Nya.â£â£Cari Bahan JSR dan Madu murni bisa langsung ke @madusolocom...Kasih ğŸ’–jika kalian suka info ini dan tag temen kamu atau saudara kamu agar menjadi ladang kebaikan..â£â£#herbal #sehat #corona #vaksÃ¬ncovid19 #vaksin #vaksinasi #covidindonesia #covid19 #covid_19 #zaidulakbar #drzaidulakbar #kesehatan #ilmu #islam #muslim #dakwah #viral1d;2021-07-10T01:24:08.000Z
136;_akal.sehat;Reposted from @adityaabuarslan Ø§Ù„Ø¥Ù…Ø§Ù… Ø§Ù„Ø¹Ø§Ø¯Ù„ Ù‚ÙˆØ§Ù… ÙƒÙ„ Ù…Ø§Ø¦Ù„ ÙˆØµÙ„Ø§Ø­ ÙƒÙ„ ÙØ§Ø³Ø¯ ÙˆÙ‚ØµØ¯ ÙƒÙ„ Ø¬Ø§Ø¦Ø± ÙˆÙ†ØµØ±Ø© ÙƒÙ„ Ù…Ø¸Ù„ÙˆÙ…Seorang pemimpin yg adil adalah penguasa yg mampu menegakkan setiap perkara yg bengkok, memperbaiki setiap perkara yg rusak, mencegah setiap kezhaliman, dan menolong siapapun yg dizhalimi.Melarang Aktivitas Tanpa Memberikan Solusi Hidup adalah ketimpangan. Menghindari kerumunan dengan kerumunan yang lebih besar. Kasihan aparatur negara di benturkan dengan rakyat kecil ğŸ¥²Pak, kita sama-sama capek ğŸ¥²Menurut kalian gimana?Share__________@adityaabuarslanğŸ¥ @rana_films__________#covid19 #corona #palestine #palestina #palestineğŸ‡µğŸ‡¸ #savepalestine #palestinaindonesia #storytime #sejarah #indonesiaku #jakartaselatan #bandunghits_ #muslimmovementindonesia #israelkoyak#coronaviruspandemic#covid_19#pray #qunutnazilah #savetheplanet #protokolkesehatan #indonesiabertauhid #covidindonesia #vaksin1d;2021-07-10T01:22:45.000Z
137;apotekerhack;Share postingan ini biar orang lain juga tau uji klinik obat tuh ngapain ajaâ˜ºâ€¢Ingat ya, beda klaim manfaat beda juga uji kliniknya. ğŸ˜‚â€¢Simak..ğŸ‘‰ğŸ”¥ Follow @apotekerhackğŸ‘‰ğŸ”¥ Bantu kamu melek obat dan kefarmasianğŸ‘‰ğŸ”¥ Konsultasi obat GRATISStay healthy ya â˜º#apoteker #tenagamedis #millenials#ujiklinis #obatcovid #tanyaobattanyaapoteker#infodemi #apotekermuda #farmasimuda #apotekerindonesia #minumobat #tipscovid19 #covidindonesia#apotekerhack #apotekercerdaskanbangsa1d;2021-07-10T01:21:19.000Z
138;funesia_indo;Selamat pagi teman-teman @funesia_indoDimasa PPKM ini jangan lupa untuk selalu melakukan protokol kesehatan ya teman-teman.Mulai dari mencuci tangan, memakai masker dan menjaga jarak ğŸ˜Dan untuk melindungi orang-orang yang kita kasihi, jangan lupa untuk segera menyuntik vaksin ! ğŸ˜ŠJika kita taat menjalankan prokes, maka pandemi ini bisa segera mereda dan terkontrol. Sehingga, aktivitas teman-teman bisa segera normal kembali.#funesia #covidindonesia #beritacovid19 #covidclassics #covid19espaÃ±a #covid19nasfavelas #covidcure #pakaimaskermu #pakaimaskeruntuksemua #pakaimaskerjagajarakcucitangan #pakaimaskermuğŸ˜·ğŸ˜·ğŸ˜· #pakaimaskeritukeren #pakaimaskerlebihaman #pakaimaskerjagajarak #pakaimaskertiaphari #pakaimaskerkain #pakaimaskerkitabisa #pakaimaskerutksemua #pakaimaskeryuk #cucitangan6langkah #cucitangandengansabun #cucitanganmucucimukamu #jagajakarta #jagajarakdulu #jagajarakaman1d;2021-07-10T01:20:29.000Z
139;jp.oposisi_;Reposted from @adityaabuarslan Ø§Ù„Ø¥Ù…Ø§Ù… Ø§Ù„Ø¹Ø§Ø¯Ù„ Ù‚ÙˆØ§Ù… ÙƒÙ„ Ù…Ø§Ø¦Ù„ ÙˆØµÙ„Ø§Ø­ ÙƒÙ„ ÙØ§Ø³Ø¯ ÙˆÙ‚ØµØ¯ ÙƒÙ„ Ø¬Ø§Ø¦Ø± ÙˆÙ†ØµØ±Ø© ÙƒÙ„ Ù…Ø¸Ù„ÙˆÙ…Seorang pemimpin yg adil adalah penguasa yg mampu menegakkan setiap perkara yg bengkok, memperbaiki setiap perkara yg rusak, mencegah setiap kezhaliman, dan menolong siapapun yg dizhalimi.Melarang Aktivitas Tanpa Memberikan Solusi Hidup adalah ketimpangan. Menghindari kerumunan dengan kerumunan yang lebih besar. Kasihan aparatur negara di benturkan dengan rakyat kecil ğŸ¥²Pak, kita sama-sama capek ğŸ¥²Menurut kalian gimana?Share__________@adityaabuarslanğŸ¥ @rana_films__________#covid19 #corona #palestine #palestina #palestineğŸ‡µğŸ‡¸ #savepalestine #palestinaindonesia #storytime #sejarah #indonesiaku #jakartaselatan #bandunghits_ #muslimmovementindonesia #israelkoyak#coronaviruspandemic#covid_19#pray #qunutnazilah #savetheplanet #protokolkesehatan #indonesiabertauhid #covidindonesia #vaksin1d;2021-07-10T01:20:16.000Z
140;_cendikiawan.co;Reposted from @adityaabuarslan Ø§Ù„Ø¥Ù…Ø§Ù… Ø§Ù„Ø¹Ø§Ø¯Ù„ Ù‚ÙˆØ§Ù… ÙƒÙ„ Ù…Ø§Ø¦Ù„ ÙˆØµÙ„Ø§Ø­ ÙƒÙ„ ÙØ§Ø³Ø¯ ÙˆÙ‚ØµØ¯ ÙƒÙ„ Ø¬Ø§Ø¦Ø± ÙˆÙ†ØµØ±Ø© ÙƒÙ„ Ù…Ø¸Ù„ÙˆÙ…Seorang pemimpin yg adil adalah penguasa yg mampu menegakkan setiap perkara yg bengkok, memperbaiki setiap perkara yg rusak, mencegah setiap kezhaliman, dan menolong siapapun yg dizhalimi.Melarang Aktivitas Tanpa Memberikan Solusi Hidup adalah ketimpangan. Menghindari kerumunan dengan kerumunan yang lebih besar. Kasihan aparatur negara di benturkan dengan rakyat kecil ğŸ¥²Pak, kita sama-sama capek ğŸ¥²Menurut kalian gimana?Share__________@adityaabuarslanğŸ¥ @rana_films__________#covid19 #corona #palestine #palestina #palestineğŸ‡µğŸ‡¸ #savepalestine #palestinaindonesia #storytime #sejarah #indonesiaku #jakartaselatan #bandunghits_ #muslimmovementindonesia #israelkoyak#coronaviruspandemic#covid_19#pray #qunutnazilah #savetheplanet #protokolkesehatan #indonesiabertauhid #covidindonesia #vaksin1d;2021-07-10T01:18:03.000Z
141;windoko.lie;Menjadi bagian dari SATGAS COVID#covidindonesia #vaksÃ¬ncovid19 #indonesiasehat1d;2021-07-10T01:17:26.000Z
142;imsastra;Yang masih penasaran, yuk di pelajari dulu. Kita sama sama belajar, membuka pikiran, menjadi pintar, agar tidak mudah termakan hoax yahğŸ˜ğŸ™ğŸ».. â €Yuk dishare, agar semua kerabat dan teman terdekat kita mengetahui akan hal ini. Jangan lupa di save, agar kalian tetap ingat, dan dapat mengedukasi orang di sekitar anda.#covidindonesia #covid_19 #covid #covid19 #rsdc #gaul #sinovac #reviewsinovac #mataram #jakarta #bandung #yogyakarta #semarang #malang #surabaya #denpasar #palembang #fkugm #fkundip #fkunpad #fkub #fkui #fkunand #fkuntar #fkub #fkudayana #fkuph #tanyadoktersastra1d;2021-07-10T01:16:24.000Z
143;jimmi.purwanto;Reposted from @adityaabuarslan Ø§Ù„Ø¥Ù…Ø§Ù… Ø§Ù„Ø¹Ø§Ø¯Ù„ Ù‚ÙˆØ§Ù… ÙƒÙ„ Ù…Ø§Ø¦Ù„ ÙˆØµÙ„Ø§Ø­ ÙƒÙ„ ÙØ§Ø³Ø¯ ÙˆÙ‚ØµØ¯ ÙƒÙ„ Ø¬Ø§Ø¦Ø± ÙˆÙ†ØµØ±Ø© ÙƒÙ„ Ù…Ø¸Ù„ÙˆÙ…Seorang pemimpin yg adil adalah penguasa yg mampu menegakkan setiap perkara yg bengkok, memperbaiki setiap perkara yg rusak, mencegah setiap kezhaliman, dan menolong siapapun yg dizhalimi.Melarang Aktivitas Tanpa Memberikan Solusi Hidup adalah ketimpangan. Menghindari kerumunan dengan kerumunan yang lebih besar. Kasihan aparatur negara di benturkan dengan rakyat kecil ğŸ¥²Pak, kita sama-sama capek ğŸ¥²Menurut kalian gimana?Share__________@adityaabuarslanğŸ¥ @rana_films__________#covid19 #corona #palestine #palestina #palestineğŸ‡µğŸ‡¸ #savepalestine #palestinaindonesia #storytime #sejarah #indonesiaku #jakartaselatan #bandunghits_ #muslimmovementindonesia #israelkoyak#coronaviruspandemic#covid_19#pray #qunutnazilah #savetheplanet #protokolkesehatan #indonesiabertauhid #covidindonesia #vaksin1d;2021-07-10T01:13:56.000Z
144;bee.healthy_official;#paketisoman #paketcovid #paketcovid19 #covid_19 #covid #covÄ±d #covid19indonesia #covidindonesia #obatcovid19 #obatcovid #obatcovid19ampuh #obatcovidanak #covidanak #suplemencovid #hdi #hdiindonesia #hdijakarta1d;2021-07-09T21:01:54.000Z
145;bee.healthy_official;#paketisoman #paketcovid #paketcovid19 #covid_19 #covid #covÄ±d #covid19indonesia #covidindonesia #obatcovid19 #obatcovid #obatcovid19ampuh #obatcovidanak #covidanak #suplemencovid #hdi #hdiindonesia #hdijakarta1d;2021-07-09T21:01:43.000Z
146;bee.healthy_official;#paketisoman #paketcovid #paketcovid19 #covid_19 #covid #covÄ±d #covid19indonesia #covidindonesia #obatcovid19 #obatcovid #obatcovid19ampuh #obatcovidanak #covidanak #suplemencovid #hdi #hdiindonesia #hdijakarta #serumrambut #rambutrontok #rambutrontokparah #beebotanics #beebotanicshaircare1d;2021-07-09T21:00:54.000Z
147;bee.healthy_official;#paketisoman #paketcovid #paketcovid19 #covid_19 #covid #covÄ±d #covid19indonesia #covidindonesia #obatcovid19 #obatcovid #obatcovid19ampuh #obatcovidanak #covidanak #suplemencovid #hdi #hdiindonesia #hdijakarta #shampoo #shampoorontok #rambutrontok #rambutrontokparah #shampooalami #shampooantirontok #beebotanicshaircare1d;2021-07-09T21:00:00.000Z
148;bee.healthy_official;#paketisoman #paketcovid #paketcovid19 #covid_19 #covid #covÄ±d #covid19indonesia #covidindonesia #obatcovid19 #obatcovid #obatcovid19ampuh #obatcovidanak #covidanak #suplemencovid #hdi #hdiindonesia #hdijakarta #handandbody #handandbodylotion #bodylotion #hdihandbodylotion #beebotanics1d;2021-07-09T20:58:49.000Z
149;bee.healthy_official;#paketisoman #paketcovid #paketcovid19 #covid_19 #covid #covÄ±d #covid19indonesia #covidindonesia #obatcovid19 #obatcovid #obatcovid19ampuh #obatcovidanak #covidanak #suplemencovid #hdi #hdiindonesia #hdijakarta #toothpaste #hditoothpaste #toothpastehdi #beebotanics #odol #pastagigi #pastagigialami #odolalami1d;2021-07-09T20:57:46.000Z
